"","Uf","code_muni","mes","counts"
"1","PE",261050,2022-09-01,0
"2","PE",261050,2022-08-01,0
"3","PE",261050,2022-07-01,1
"4","PE",261050,2022-06-01,0
"5","PE",261050,2022-05-01,0
"6","PE",261050,2022-04-01,0
"7","PE",261050,2022-03-01,0
"8","PE",261050,2022-02-01,0
"9","PE",261050,2022-01-01,0
"10","PE",261220,2022-09-01,4
"11","PE",261220,2022-08-01,2
"12","PE",261220,2022-07-01,3
"13","PE",261220,2022-06-01,1
"14","PE",261220,2022-05-01,2
"15","PE",261220,2022-04-01,1
"16","PE",261220,2022-03-01,2
"17","PE",261220,2022-02-01,1
"18","PE",261220,2022-01-01,0
"19","PE",261300,2022-09-01,1
"20","PE",261300,2022-08-01,0
"21","PE",261300,2022-07-01,0
"22","PE",261300,2022-06-01,0
"23","PE",261300,2022-05-01,0
"24","PE",261300,2022-04-01,0
"25","PE",261300,2022-03-01,2
"26","PE",261300,2022-02-01,0
"27","PE",261300,2022-01-01,0
"28","PE",261110,2022-09-01,19
"29","PE",261110,2022-08-01,22
"30","PE",261110,2022-07-01,14
"31","PE",261110,2022-06-01,12
"32","PE",261110,2022-05-01,23
"33","PE",261110,2022-04-01,21
"34","PE",261110,2022-03-01,27
"35","PE",261110,2022-02-01,19
"36","PE",261110,2022-01-01,21
"37","PE",260370,2022-09-01,1
"38","PE",260370,2022-08-01,0
"39","PE",260370,2022-07-01,0
"40","PE",260370,2022-06-01,0
"41","PE",260370,2022-05-01,0
"42","PE",260370,2022-04-01,0
"43","PE",260370,2022-03-01,0
"44","PE",260370,2022-02-01,0
"45","PE",260370,2022-01-01,0
"46","PE",260080,2022-09-01,1
"47","PE",260080,2022-08-01,4
"48","PE",260080,2022-07-01,6
"49","PE",260080,2022-06-01,2
"50","PE",260080,2022-05-01,2
"51","PE",260080,2022-04-01,0
"52","PE",260080,2022-03-01,0
"53","PE",260080,2022-02-01,1
"54","PE",260080,2022-01-01,0
"55","PE",261610,2022-09-01,1
"56","PE",261610,2022-08-01,1
"57","PE",261610,2022-07-01,0
"58","PE",261610,2022-06-01,2
"59","PE",261610,2022-05-01,1
"60","PE",261610,2022-04-01,2
"61","PE",261610,2022-03-01,0
"62","PE",261610,2022-02-01,1
"63","PE",261610,2022-01-01,1
"64","PE",260280,2022-09-01,2
"65","PE",260280,2022-08-01,0
"66","PE",260280,2022-07-01,0
"67","PE",260280,2022-06-01,0
"68","PE",260280,2022-05-01,0
"69","PE",260280,2022-04-01,0
"70","PE",260280,2022-03-01,0
"71","PE",260280,2022-02-01,0
"72","PE",260280,2022-01-01,0
"73","PE",260460,2022-09-01,1
"74","PE",260460,2022-08-01,2
"75","PE",260460,2022-07-01,1
"76","PE",260460,2022-06-01,2
"77","PE",260460,2022-05-01,0
"78","PE",260460,2022-04-01,0
"79","PE",260460,2022-03-01,0
"80","PE",260460,2022-02-01,1
"81","PE",260460,2022-01-01,1
"82","PE",260110,2022-09-01,1
"83","PE",260110,2022-08-01,4
"84","PE",260110,2022-07-01,2
"85","PE",260110,2022-06-01,1
"86","PE",260110,2022-05-01,0
"87","PE",260110,2022-04-01,4
"88","PE",260110,2022-03-01,4
"89","PE",260110,2022-02-01,4
"90","PE",260110,2022-01-01,0
"91","PE",261390,2022-09-01,1
"92","PE",261390,2022-08-01,1
"93","PE",261390,2022-07-01,2
"94","PE",261390,2022-06-01,0
"95","PE",261390,2022-05-01,1
"96","PE",261390,2022-04-01,0
"97","PE",261390,2022-03-01,4
"98","PE",261390,2022-02-01,0
"99","PE",261390,2022-01-01,0
"100","PE",260220,2022-09-01,1
"101","PE",260220,2022-08-01,1
"102","PE",260220,2022-07-01,0
"103","PE",260220,2022-06-01,0
"104","PE",260220,2022-05-01,0
"105","PE",260220,2022-04-01,0
"106","PE",260220,2022-03-01,0
"107","PE",260220,2022-02-01,0
"108","PE",260220,2022-01-01,0
"109","PE",260600,2022-09-01,5
"110","PE",260600,2022-08-01,10
"111","PE",260600,2022-07-01,5
"112","PE",260600,2022-06-01,4
"113","PE",260600,2022-05-01,17
"114","PE",260600,2022-04-01,3
"115","PE",260600,2022-03-01,12
"116","PE",260600,2022-02-01,11
"117","PE",260600,2022-01-01,3
"118","PE",260380,2022-09-01,0
"119","PE",260380,2022-08-01,0
"120","PE",260380,2022-07-01,0
"121","PE",260380,2022-06-01,0
"122","PE",260380,2022-05-01,0
"123","PE",260380,2022-04-01,1
"124","PE",260380,2022-03-01,0
"125","PE",260380,2022-02-01,0
"126","PE",260380,2022-01-01,0
"127","PE",261230,2022-09-01,0
"128","PE",261230,2022-08-01,0
"129","PE",261230,2022-07-01,0
"130","PE",261230,2022-06-01,0
"131","PE",261230,2022-05-01,0
"132","PE",261230,2022-04-01,0
"133","PE",261230,2022-03-01,0
"134","PE",261230,2022-02-01,1
"135","PE",261230,2022-01-01,1
"136","PE",260160,2022-09-01,0
"137","PE",260160,2022-08-01,0
"138","PE",260160,2022-07-01,0
"139","PE",260160,2022-06-01,2
"140","PE",260160,2022-05-01,0
"141","PE",260160,2022-04-01,0
"142","PE",260160,2022-03-01,10
"143","PE",260160,2022-02-01,4
"144","PE",260160,2022-01-01,6
"145","PE",261070,2022-09-01,5
"146","PE",261070,2022-08-01,3
"147","PE",261070,2022-07-01,0
"148","PE",261070,2022-06-01,0
"149","PE",261070,2022-05-01,1
"150","PE",261070,2022-04-01,1
"151","PE",261070,2022-03-01,11
"152","PE",261070,2022-02-01,2
"153","PE",261070,2022-01-01,1
"154","PE",260810,2022-09-01,0
"155","PE",260810,2022-08-01,2
"156","PE",260810,2022-07-01,0
"157","PE",260810,2022-06-01,0
"158","PE",260810,2022-05-01,0
"159","PE",260810,2022-04-01,0
"160","PE",260810,2022-03-01,0
"161","PE",260810,2022-02-01,0
"162","PE",260810,2022-01-01,0
"163","PE",260140,2022-09-01,3
"164","PE",260140,2022-08-01,1
"165","PE",260140,2022-07-01,0
"166","PE",260140,2022-06-01,1
"167","PE",260140,2022-05-01,3
"168","PE",260140,2022-04-01,0
"169","PE",260140,2022-03-01,0
"170","PE",260140,2022-02-01,0
"171","PE",260140,2022-01-01,0
"172","PE",260795,2022-09-01,0
"173","PE",260795,2022-08-01,1
"174","PE",260795,2022-07-01,0
"175","PE",260795,2022-06-01,0
"176","PE",260795,2022-05-01,0
"177","PE",260795,2022-04-01,0
"178","PE",260795,2022-03-01,0
"179","PE",260795,2022-02-01,1
"180","PE",260795,2022-01-01,0
"181","PE",260590,2022-09-01,0
"182","PE",260590,2022-08-01,1
"183","PE",260590,2022-07-01,1
"184","PE",260590,2022-06-01,0
"185","PE",260590,2022-05-01,0
"186","PE",260590,2022-04-01,0
"187","PE",260590,2022-03-01,0
"188","PE",260590,2022-02-01,0
"189","PE",260590,2022-01-01,0
"190","PE",260310,2022-09-01,0
"191","PE",260310,2022-08-01,2
"192","PE",260310,2022-07-01,0
"193","PE",260310,2022-06-01,0
"194","PE",260310,2022-05-01,0
"195","PE",260310,2022-04-01,0
"196","PE",260310,2022-03-01,0
"197","PE",260310,2022-02-01,0
"198","PE",260310,2022-01-01,0
"199","PE",261380,2022-09-01,1
"200","PE",261380,2022-08-01,1
"201","PE",261380,2022-07-01,1
"202","PE",261380,2022-06-01,0
"203","PE",261380,2022-05-01,3
"204","PE",261380,2022-04-01,0
"205","PE",261380,2022-03-01,0
"206","PE",261380,2022-02-01,3
"207","PE",261380,2022-01-01,1
"208","PE",261620,2022-09-01,1
"209","PE",261620,2022-08-01,0
"210","PE",261620,2022-07-01,0
"211","PE",261620,2022-06-01,0
"212","PE",261620,2022-05-01,0
"213","PE",261620,2022-04-01,0
"214","PE",261620,2022-03-01,1
"215","PE",261620,2022-02-01,1
"216","PE",261620,2022-01-01,3
"217","PE",260750,2022-09-01,0
"218","PE",260750,2022-08-01,1
"219","PE",260750,2022-07-01,1
"220","PE",260750,2022-06-01,1
"221","PE",260750,2022-05-01,0
"222","PE",260750,2022-04-01,0
"223","PE",260750,2022-03-01,0
"224","PE",260750,2022-02-01,0
"225","PE",260750,2022-01-01,0
"226","PE",260545,2022-09-01,1
"227","PE",260545,2022-08-01,4
"228","PE",260545,2022-07-01,2
"229","PE",260545,2022-06-01,6
"230","PE",260545,2022-05-01,6
"231","PE",260545,2022-04-01,4
"232","PE",260545,2022-03-01,4
"233","PE",260545,2022-02-01,5
"234","PE",260545,2022-01-01,2
"235","PE",261320,2022-09-01,0
"236","PE",261320,2022-08-01,2
"237","PE",261320,2022-07-01,0
"238","PE",261320,2022-06-01,0
"239","PE",261320,2022-05-01,0
"240","PE",261320,2022-04-01,0
"241","PE",261320,2022-03-01,0
"242","PE",261320,2022-02-01,0
"243","PE",261320,2022-01-01,1
"244","PE",260875,2022-09-01,0
"245","PE",260875,2022-08-01,0
"246","PE",260875,2022-07-01,0
"247","PE",260875,2022-06-01,0
"248","PE",260875,2022-05-01,0
"249","PE",260875,2022-04-01,1
"250","PE",260875,2022-03-01,0
"251","PE",260875,2022-02-01,0
"252","PE",260875,2022-01-01,0
"253","PE",260090,2022-09-01,1
"254","PE",260090,2022-08-01,2
"255","PE",260090,2022-07-01,0
"256","PE",260090,2022-06-01,0
"257","PE",260090,2022-05-01,0
"258","PE",260090,2022-04-01,0
"259","PE",260090,2022-03-01,0
"260","PE",260090,2022-02-01,1
"261","PE",260090,2022-01-01,0
"262","PE",260990,2022-09-01,3
"263","PE",260990,2022-08-01,2
"264","PE",260990,2022-07-01,1
"265","PE",260990,2022-06-01,1
"266","PE",260990,2022-05-01,2
"267","PE",260990,2022-04-01,3
"268","PE",260990,2022-03-01,3
"269","PE",260990,2022-02-01,1
"270","PE",260990,2022-01-01,0
"271","PE",260390,2022-09-01,0
"272","PE",260390,2022-08-01,1
"273","PE",260390,2022-07-01,0
"274","PE",260390,2022-06-01,0
"275","PE",260390,2022-05-01,0
"276","PE",260390,2022-04-01,0
"277","PE",260390,2022-03-01,0
"278","PE",260390,2022-02-01,0
"279","PE",260390,2022-01-01,0
"280","PE",260510,2022-09-01,0
"281","PE",260510,2022-08-01,0
"282","PE",260510,2022-07-01,0
"283","PE",260510,2022-06-01,0
"284","PE",260510,2022-05-01,0
"285","PE",260510,2022-04-01,0
"286","PE",260510,2022-03-01,1
"287","PE",260510,2022-02-01,1
"288","PE",260510,2022-01-01,1
"289","PE",260170,2022-09-01,0
"290","PE",260170,2022-08-01,1
"291","PE",260170,2022-07-01,2
"292","PE",260170,2022-06-01,2
"293","PE",260170,2022-05-01,0
"294","PE",260170,2022-04-01,0
"295","PE",260170,2022-03-01,0
"296","PE",260170,2022-02-01,0
"297","PE",260170,2022-01-01,0
"298","PE",261245,2022-09-01,0
"299","PE",261245,2022-08-01,0
"300","PE",261245,2022-07-01,0
"301","PE",261245,2022-06-01,1
"302","PE",261245,2022-05-01,0
"303","PE",261245,2022-04-01,0
"304","PE",261245,2022-03-01,2
"305","PE",261245,2022-02-01,1
"306","PE",261245,2022-01-01,0
"307","PE",260500,2022-09-01,0
"308","PE",260500,2022-08-01,2
"309","PE",260500,2022-07-01,3
"310","PE",260500,2022-06-01,1
"311","PE",260500,2022-05-01,1
"312","PE",260500,2022-04-01,0
"313","PE",260500,2022-03-01,2
"314","PE",260500,2022-02-01,1
"315","PE",260500,2022-01-01,0
"316","PE",261060,2022-09-01,30
"317","PE",261060,2022-08-01,21
"318","PE",261060,2022-07-01,9
"319","PE",261060,2022-06-01,15
"320","PE",261060,2022-05-01,18
"321","PE",261060,2022-04-01,15
"322","PE",261060,2022-03-01,13
"323","PE",261060,2022-02-01,6
"324","PE",261060,2022-01-01,3
"325","PE",260240,2022-09-01,0
"326","PE",260240,2022-08-01,2
"327","PE",260240,2022-07-01,0
"328","PE",260240,2022-06-01,0
"329","PE",260240,2022-05-01,0
"330","PE",260240,2022-04-01,2
"331","PE",260240,2022-03-01,0
"332","PE",260240,2022-02-01,2
"333","PE",260240,2022-01-01,0
"334","PE",261420,2022-09-01,1
"335","PE",261420,2022-08-01,0
"336","PE",261420,2022-07-01,1
"337","PE",261420,2022-06-01,0
"338","PE",261420,2022-05-01,2
"339","PE",261420,2022-04-01,1
"340","PE",261420,2022-03-01,0
"341","PE",261420,2022-02-01,1
"342","PE",261420,2022-01-01,0
"343","PE",260190,2022-09-01,1
"344","PE",260190,2022-08-01,2
"345","PE",260190,2022-07-01,1
"346","PE",260190,2022-06-01,1
"347","PE",260190,2022-05-01,2
"348","PE",260190,2022-04-01,1
"349","PE",260190,2022-03-01,0
"350","PE",260190,2022-02-01,2
"351","PE",260190,2022-01-01,1
"352","PE",261410,2022-09-01,1
"353","PE",261410,2022-08-01,0
"354","PE",261410,2022-07-01,0
"355","PE",261410,2022-06-01,0
"356","PE",261410,2022-05-01,0
"357","PE",261410,2022-04-01,0
"358","PE",261410,2022-03-01,2
"359","PE",261410,2022-02-01,1
"360","PE",261410,2022-01-01,0
"361","PE",260560,2022-09-01,0
"362","PE",260560,2022-08-01,1
"363","PE",260560,2022-07-01,1
"364","PE",260560,2022-06-01,0
"365","PE",260560,2022-05-01,0
"366","PE",260560,2022-04-01,0
"367","PE",260560,2022-03-01,1
"368","PE",260560,2022-02-01,0
"369","PE",260560,2022-01-01,0
"370","PE",261090,2022-09-01,0
"371","PE",261090,2022-08-01,1
"372","PE",261090,2022-07-01,0
"373","PE",261090,2022-06-01,1
"374","PE",261090,2022-05-01,3
"375","PE",261090,2022-04-01,0
"376","PE",261090,2022-03-01,1
"377","PE",261090,2022-02-01,2
"378","PE",261090,2022-01-01,0
"379","PE",260400,2022-09-01,4
"380","PE",260400,2022-08-01,4
"381","PE",260400,2022-07-01,3
"382","PE",260400,2022-06-01,4
"383","PE",260400,2022-05-01,1
"384","PE",260400,2022-04-01,3
"385","PE",260400,2022-03-01,4
"386","PE",260400,2022-02-01,3
"387","PE",260400,2022-01-01,0
"388","PE",261640,2022-09-01,3
"389","PE",261640,2022-08-01,9
"390","PE",261640,2022-07-01,5
"391","PE",261640,2022-06-01,9
"392","PE",261640,2022-05-01,9
"393","PE",261640,2022-04-01,2
"394","PE",261640,2022-03-01,3
"395","PE",261640,2022-02-01,3
"396","PE",261640,2022-01-01,2
"397","PE",261430,2022-09-01,0
"398","PE",261430,2022-08-01,0
"399","PE",261430,2022-07-01,0
"400","PE",261430,2022-06-01,0
"401","PE",261430,2022-05-01,0
"402","PE",261430,2022-04-01,1
"403","PE",261430,2022-03-01,0
"404","PE",261430,2022-02-01,0
"405","PE",261430,2022-01-01,0
"406","PE",260900,2022-09-01,0
"407","PE",260900,2022-08-01,0
"408","PE",260900,2022-07-01,0
"409","PE",260900,2022-06-01,3
"410","PE",260900,2022-05-01,2
"411","PE",260900,2022-04-01,0
"412","PE",260900,2022-03-01,0
"413","PE",260900,2022-02-01,0
"414","PE",260900,2022-01-01,2
"415","PE",261130,2022-09-01,0
"416","PE",261130,2022-08-01,1
"417","PE",261130,2022-07-01,0
"418","PE",261130,2022-06-01,0
"419","PE",261130,2022-05-01,0
"420","PE",261130,2022-04-01,0
"421","PE",261130,2022-03-01,0
"422","PE",261130,2022-02-01,1
"423","PE",261130,2022-01-01,0
"424","PE",260630,2022-09-01,1
"425","PE",260630,2022-08-01,2
"426","PE",260630,2022-07-01,0
"427","PE",260630,2022-06-01,0
"428","PE",260630,2022-05-01,0
"429","PE",260630,2022-04-01,0
"430","PE",260630,2022-03-01,0
"431","PE",260630,2022-02-01,0
"432","PE",260630,2022-01-01,0
"433","PE",260930,2022-09-01,0
"434","PE",260930,2022-08-01,0
"435","PE",260930,2022-07-01,0
"436","PE",260930,2022-06-01,0
"437","PE",260930,2022-05-01,2
"438","PE",260930,2022-04-01,1
"439","PE",260930,2022-03-01,0
"440","PE",260930,2022-02-01,2
"441","PE",260930,2022-01-01,0
"442","PE",260120,2022-09-01,1
"443","PE",260120,2022-08-01,3
"444","PE",260120,2022-07-01,0
"445","PE",260120,2022-06-01,2
"446","PE",260120,2022-05-01,1
"447","PE",260120,2022-04-01,1
"448","PE",260120,2022-03-01,0
"449","PE",260120,2022-02-01,3
"450","PE",260120,2022-01-01,2
"451","PE",260775,2022-09-01,1
"452","PE",260775,2022-08-01,1
"453","PE",260775,2022-07-01,0
"454","PE",260775,2022-06-01,0
"455","PE",260775,2022-05-01,0
"456","PE",260775,2022-04-01,0
"457","PE",260775,2022-03-01,2
"458","PE",260775,2022-02-01,0
"459","PE",260775,2022-01-01,0
"460","PE",260910,2022-09-01,0
"461","PE",260910,2022-08-01,0
"462","PE",260910,2022-07-01,2
"463","PE",260910,2022-06-01,0
"464","PE",260910,2022-05-01,0
"465","PE",260910,2022-04-01,0
"466","PE",260910,2022-03-01,2
"467","PE",260910,2022-02-01,0
"468","PE",260910,2022-01-01,0
"469","PE",260780,2022-09-01,0
"470","PE",260780,2022-08-01,0
"471","PE",260780,2022-07-01,0
"472","PE",260780,2022-06-01,0
"473","PE",260780,2022-05-01,0
"474","PE",260780,2022-04-01,0
"475","PE",260780,2022-03-01,1
"476","PE",260780,2022-02-01,0
"477","PE",260780,2022-01-01,0
"478","PE",260890,2022-09-01,2
"479","PE",260890,2022-08-01,2
"480","PE",260890,2022-07-01,0
"481","PE",260890,2022-06-01,0
"482","PE",260890,2022-05-01,0
"483","PE",260890,2022-04-01,0
"484","PE",260890,2022-03-01,2
"485","PE",260890,2022-02-01,1
"486","PE",260890,2022-01-01,4
"487","PE",260210,2022-09-01,2
"488","PE",260210,2022-08-01,0
"489","PE",260210,2022-07-01,1
"490","PE",260210,2022-06-01,0
"491","PE",260210,2022-05-01,0
"492","PE",260210,2022-04-01,1
"493","PE",260210,2022-03-01,2
"494","PE",260210,2022-02-01,1
"495","PE",260210,2022-01-01,0
"496","PE",261580,2022-09-01,0
"497","PE",261580,2022-08-01,1
"498","PE",261580,2022-07-01,0
"499","PE",261580,2022-06-01,0
"500","PE",261580,2022-05-01,1
"501","PE",261580,2022-04-01,0
"502","PE",261580,2022-03-01,1
"503","PE",261580,2022-02-01,1
"504","PE",261580,2022-01-01,2
"505","PE",260450,2022-09-01,0
"506","PE",260450,2022-08-01,0
"507","PE",260450,2022-07-01,1
"508","PE",260450,2022-06-01,0
"509","PE",260450,2022-05-01,1
"510","PE",260450,2022-04-01,0
"511","PE",260450,2022-03-01,0
"512","PE",260450,2022-02-01,1
"513","PE",260450,2022-01-01,0
"514","PE",260070,2022-09-01,3
"515","PE",260070,2022-08-01,5
"516","PE",260070,2022-07-01,5
"517","PE",260070,2022-06-01,2
"518","PE",260070,2022-05-01,0
"519","PE",260070,2022-04-01,0
"520","PE",260070,2022-03-01,1
"521","PE",260070,2022-02-01,3
"522","PE",260070,2022-01-01,0
"523","PE",261500,2022-09-01,0
"524","PE",261500,2022-08-01,0
"525","PE",261500,2022-07-01,1
"526","PE",261500,2022-06-01,0
"527","PE",261500,2022-05-01,0
"528","PE",261500,2022-04-01,1
"529","PE",261500,2022-03-01,2
"530","PE",261500,2022-02-01,0
"531","PE",261500,2022-01-01,4
"532","PE",261180,2022-09-01,1
"533","PE",261180,2022-08-01,0
"534","PE",261180,2022-07-01,0
"535","PE",261180,2022-06-01,1
"536","PE",261180,2022-05-01,0
"537","PE",261180,2022-04-01,1
"538","PE",261180,2022-03-01,0
"539","PE",261180,2022-02-01,0
"540","PE",261180,2022-01-01,0
"541","PE",260765,2022-09-01,0
"542","PE",260765,2022-08-01,0
"543","PE",260765,2022-07-01,1
"544","PE",260765,2022-06-01,1
"545","PE",260765,2022-05-01,1
"546","PE",260765,2022-04-01,1
"547","PE",260765,2022-03-01,0
"548","PE",260765,2022-02-01,1
"549","PE",260765,2022-01-01,1
"550","PE",261250,2022-09-01,5
"551","PE",261250,2022-08-01,7
"552","PE",261250,2022-07-01,7
"553","PE",261250,2022-06-01,7
"554","PE",261250,2022-05-01,3
"555","PE",261250,2022-04-01,3
"556","PE",261250,2022-03-01,7
"557","PE",261250,2022-02-01,6
"558","PE",261250,2022-01-01,5
"559","PE",260130,2022-09-01,1
"560","PE",260130,2022-08-01,2
"561","PE",260130,2022-07-01,0
"562","PE",260130,2022-06-01,0
"563","PE",260130,2022-05-01,0
"564","PE",260130,2022-04-01,0
"565","PE",260130,2022-03-01,0
"566","PE",260130,2022-02-01,0
"567","PE",260130,2022-01-01,2
"568","PE",260300,2022-09-01,1
"569","PE",260300,2022-08-01,4
"570","PE",260300,2022-07-01,0
"571","PE",260300,2022-06-01,0
"572","PE",260300,2022-05-01,0
"573","PE",260300,2022-04-01,0
"574","PE",260300,2022-03-01,1
"575","PE",260300,2022-02-01,4
"576","PE",260300,2022-01-01,1
"577","PE",261510,2022-09-01,1
"578","PE",261510,2022-08-01,3
"579","PE",261510,2022-07-01,1
"580","PE",261510,2022-06-01,1
"581","PE",261510,2022-05-01,2
"582","PE",261510,2022-04-01,0
"583","PE",261510,2022-03-01,3
"584","PE",261510,2022-02-01,0
"585","PE",261510,2022-01-01,2
"586","PE",260320,2022-09-01,0
"587","PE",260320,2022-08-01,0
"588","PE",260320,2022-07-01,0
"589","PE",260320,2022-06-01,2
"590","PE",260320,2022-05-01,0
"591","PE",260320,2022-04-01,0
"592","PE",260320,2022-03-01,0
"593","PE",260320,2022-02-01,0
"594","PE",260320,2022-01-01,0
"595","PE",261450,2022-09-01,1
"596","PE",261450,2022-08-01,2
"597","PE",261450,2022-07-01,0
"598","PE",261450,2022-06-01,0
"599","PE",261450,2022-05-01,2
"600","PE",261450,2022-04-01,2
"601","PE",261450,2022-03-01,0
"602","PE",261450,2022-02-01,0
"603","PE",261450,2022-01-01,1
"604","PE",260960,2022-09-01,10
"605","PE",260960,2022-08-01,7
"606","PE",260960,2022-07-01,9
"607","PE",260960,2022-06-01,11
"608","PE",260960,2022-05-01,12
"609","PE",260960,2022-04-01,15
"610","PE",260960,2022-03-01,15
"611","PE",260960,2022-02-01,23
"612","PE",260960,2022-01-01,9
"613","PE",260760,2022-09-01,1
"614","PE",260760,2022-08-01,3
"615","PE",260760,2022-07-01,1
"616","PE",260760,2022-06-01,3
"617","PE",260760,2022-05-01,0
"618","PE",260760,2022-04-01,0
"619","PE",260760,2022-03-01,1
"620","PE",260760,2022-02-01,0
"621","PE",260760,2022-01-01,1
"622","PE",261020,2022-09-01,1
"623","PE",261020,2022-08-01,2
"624","PE",261020,2022-07-01,1
"625","PE",261020,2022-06-01,1
"626","PE",261020,2022-05-01,0
"627","PE",261020,2022-04-01,0
"628","PE",261020,2022-03-01,0
"629","PE",261020,2022-02-01,1
"630","PE",261020,2022-01-01,3
"631","PE",261470,2022-09-01,1
"632","PE",261470,2022-08-01,0
"633","PE",261470,2022-07-01,0
"634","PE",261470,2022-06-01,0
"635","PE",261470,2022-05-01,1
"636","PE",261470,2022-04-01,0
"637","PE",261470,2022-03-01,0
"638","PE",261470,2022-02-01,1
"639","PE",261470,2022-01-01,2
"640","PE",260845,2022-09-01,5
"641","PE",260845,2022-08-01,3
"642","PE",260845,2022-07-01,0
"643","PE",260845,2022-06-01,1
"644","PE",260845,2022-05-01,0
"645","PE",260845,2022-04-01,1
"646","PE",260845,2022-03-01,0
"647","PE",260845,2022-02-01,1
"648","PE",260845,2022-01-01,1
"649","PE",261040,2022-09-01,0
"650","PE",261040,2022-08-01,0
"651","PE",261040,2022-07-01,0
"652","PE",261040,2022-06-01,0
"653","PE",261040,2022-05-01,0
"654","PE",261040,2022-04-01,0
"655","PE",261040,2022-03-01,0
"656","PE",261040,2022-02-01,1
"657","PE",261040,2022-01-01,0
"658","PE",260940,2022-09-01,3
"659","PE",260940,2022-08-01,1
"660","PE",260940,2022-07-01,2
"661","PE",260940,2022-06-01,2
"662","PE",260940,2022-05-01,1
"663","PE",260940,2022-04-01,0
"664","PE",260940,2022-03-01,4
"665","PE",260940,2022-02-01,2
"666","PE",260940,2022-01-01,0
"667","PE",260670,2022-09-01,0
"668","PE",260670,2022-08-01,0
"669","PE",260670,2022-07-01,0
"670","PE",260670,2022-06-01,0
"671","PE",260670,2022-05-01,1
"672","PE",260670,2022-04-01,0
"673","PE",260670,2022-03-01,0
"674","PE",260670,2022-02-01,0
"675","PE",260670,2022-01-01,0
"676","PE",260980,2022-09-01,0
"677","PE",260980,2022-08-01,0
"678","PE",260980,2022-07-01,0
"679","PE",260980,2022-06-01,0
"680","PE",260980,2022-05-01,1
"681","PE",260980,2022-04-01,2
"682","PE",260980,2022-03-01,0
"683","PE",260980,2022-02-01,1
"684","PE",260980,2022-01-01,0
"685","PE",261160,2022-09-01,88
"686","PE",261160,2022-08-01,92
"687","PE",261160,2022-07-01,97
"688","PE",261160,2022-06-01,80
"689","PE",261160,2022-05-01,86
"690","PE",261160,2022-04-01,59
"691","PE",261160,2022-03-01,82
"692","PE",261160,2022-02-01,67
"693","PE",261160,2022-01-01,43
"694","PE",260392,2022-09-01,0
"695","PE",260392,2022-08-01,0
"696","PE",260392,2022-07-01,0
"697","PE",260392,2022-06-01,0
"698","PE",260392,2022-05-01,0
"699","PE",260392,2022-04-01,0
"700","PE",260392,2022-03-01,0
"701","PE",260392,2022-02-01,0
"702","PE",260392,2022-01-01,1
"703","PE",260350,2022-09-01,1
"704","PE",260350,2022-08-01,0
"705","PE",260350,2022-07-01,1
"706","PE",260350,2022-06-01,0
"707","PE",260350,2022-05-01,0
"708","PE",260350,2022-04-01,0
"709","PE",260350,2022-03-01,2
"710","PE",260350,2022-02-01,2
"711","PE",260350,2022-01-01,0
"712","PE",261370,2022-09-01,4
"713","PE",261370,2022-08-01,8
"714","PE",261370,2022-07-01,5
"715","PE",261370,2022-06-01,0
"716","PE",261370,2022-05-01,2
"717","PE",261370,2022-04-01,5
"718","PE",261370,2022-03-01,3
"719","PE",261370,2022-02-01,0
"720","PE",261370,2022-01-01,0
"721","PE",260730,2022-09-01,2
"722","PE",260730,2022-08-01,2
"723","PE",260730,2022-07-01,1
"724","PE",260730,2022-06-01,3
"725","PE",260730,2022-05-01,2
"726","PE",260730,2022-04-01,0
"727","PE",260730,2022-03-01,0
"728","PE",260730,2022-02-01,1
"729","PE",260730,2022-01-01,0
"730","PE",260620,2022-09-01,12
"731","PE",260620,2022-08-01,6
"732","PE",260620,2022-07-01,4
"733","PE",260620,2022-06-01,1
"734","PE",260620,2022-05-01,3
"735","PE",260620,2022-04-01,1
"736","PE",260620,2022-03-01,2
"737","PE",260620,2022-02-01,1
"738","PE",260620,2022-01-01,5
"739","PE",261600,2022-09-01,1
"740","PE",261600,2022-08-01,0
"741","PE",261600,2022-07-01,0
"742","PE",261600,2022-06-01,0
"743","PE",261600,2022-05-01,0
"744","PE",261600,2022-04-01,0
"745","PE",261600,2022-03-01,1
"746","PE",261600,2022-02-01,0
"747","PE",261600,2022-01-01,0
"748","PE",261000,2022-09-01,1
"749","PE",261000,2022-08-01,2
"750","PE",261000,2022-07-01,0
"751","PE",261000,2022-06-01,1
"752","PE",261000,2022-05-01,3
"753","PE",261000,2022-04-01,0
"754","PE",261000,2022-03-01,0
"755","PE",261000,2022-02-01,1
"756","PE",261000,2022-01-01,1
"757","PE",261330,2022-09-01,1
"758","PE",261330,2022-08-01,0
"759","PE",261330,2022-07-01,0
"760","PE",261330,2022-06-01,3
"761","PE",261330,2022-05-01,0
"762","PE",261330,2022-04-01,0
"763","PE",261330,2022-03-01,0
"764","PE",261330,2022-02-01,0
"765","PE",261330,2022-01-01,0
"766","PE",261280,2022-09-01,0
"767","PE",261280,2022-08-01,1
"768","PE",261280,2022-07-01,0
"769","PE",261280,2022-06-01,0
"770","PE",261280,2022-05-01,0
"771","PE",261280,2022-04-01,0
"772","PE",261280,2022-03-01,0
"773","PE",261280,2022-02-01,0
"774","PE",261280,2022-01-01,0
"775","PE",260710,2022-09-01,0
"776","PE",260710,2022-08-01,0
"777","PE",260710,2022-07-01,0
"778","PE",260710,2022-06-01,0
"779","PE",260710,2022-05-01,0
"780","PE",260710,2022-04-01,1
"781","PE",260710,2022-03-01,0
"782","PE",260710,2022-02-01,0
"783","PE",260710,2022-01-01,0
"784","PE",261240,2022-09-01,3
"785","PE",261240,2022-08-01,1
"786","PE",261240,2022-07-01,1
"787","PE",261240,2022-06-01,3
"788","PE",261240,2022-05-01,0
"789","PE",261240,2022-04-01,0
"790","PE",261240,2022-03-01,2
"791","PE",261240,2022-02-01,0
"792","PE",261240,2022-01-01,0
"793","PE",260105,2022-09-01,1
"794","PE",260105,2022-08-01,0
"795","PE",260105,2022-07-01,2
"796","PE",260105,2022-06-01,1
"797","PE",260105,2022-05-01,0
"798","PE",260105,2022-04-01,0
"799","PE",260105,2022-03-01,1
"800","PE",260105,2022-02-01,0
"801","PE",260105,2022-01-01,1
"802","PE",260260,2022-09-01,0
"803","PE",260260,2022-08-01,1
"804","PE",260260,2022-07-01,1
"805","PE",260260,2022-06-01,1
"806","PE",260260,2022-05-01,1
"807","PE",260260,2022-04-01,1
"808","PE",260260,2022-03-01,0
"809","PE",260260,2022-02-01,0
"810","PE",260260,2022-01-01,0
"811","PE",260790,2022-09-01,20
"812","PE",260790,2022-08-01,12
"813","PE",260790,2022-07-01,10
"814","PE",260790,2022-06-01,15
"815","PE",260790,2022-05-01,14
"816","PE",260790,2022-04-01,7
"817","PE",260790,2022-03-01,8
"818","PE",260790,2022-02-01,9
"819","PE",260790,2022-01-01,5
"820","PE",261520,2022-09-01,0
"821","PE",261520,2022-08-01,0
"822","PE",261520,2022-07-01,1
"823","PE",261520,2022-06-01,0
"824","PE",261520,2022-05-01,0
"825","PE",261520,2022-04-01,0
"826","PE",261520,2022-03-01,0
"827","PE",261520,2022-02-01,1
"828","PE",261520,2022-01-01,0
"829","PE",261440,2022-09-01,1
"830","PE",261440,2022-08-01,2
"831","PE",261440,2022-07-01,0
"832","PE",261440,2022-06-01,0
"833","PE",261440,2022-05-01,0
"834","PE",261440,2022-04-01,0
"835","PE",261440,2022-03-01,0
"836","PE",261440,2022-02-01,1
"837","PE",261440,2022-01-01,0
"838","PE",261140,2022-09-01,2
"839","PE",261140,2022-08-01,1
"840","PE",261140,2022-07-01,1
"841","PE",261140,2022-06-01,0
"842","PE",261140,2022-05-01,0
"843","PE",261140,2022-04-01,0
"844","PE",261140,2022-03-01,0
"845","PE",261140,2022-02-01,0
"846","PE",261140,2022-01-01,1
"847","PE",260030,2022-09-01,0
"848","PE",260030,2022-08-01,4
"849","PE",260030,2022-07-01,4
"850","PE",260030,2022-06-01,1
"851","PE",260030,2022-05-01,2
"852","PE",260030,2022-04-01,2
"853","PE",260030,2022-03-01,4
"854","PE",260030,2022-02-01,2
"855","PE",260030,2022-01-01,2
"856","PE",260840,2022-09-01,2
"857","PE",260840,2022-08-01,0
"858","PE",260840,2022-07-01,0
"859","PE",260840,2022-06-01,0
"860","PE",260840,2022-05-01,0
"861","PE",260840,2022-04-01,0
"862","PE",260840,2022-03-01,0
"863","PE",260840,2022-02-01,1
"864","PE",260840,2022-01-01,0
"865","PE",260290,2022-09-01,4
"866","PE",260290,2022-08-01,1
"867","PE",260290,2022-07-01,5
"868","PE",260290,2022-06-01,0
"869","PE",260290,2022-05-01,2
"870","PE",260290,2022-04-01,1
"871","PE",260290,2022-03-01,8
"872","PE",260290,2022-02-01,3
"873","PE",260290,2022-01-01,1
"874","PE",260970,2022-09-01,1
"875","PE",260970,2022-08-01,0
"876","PE",260970,2022-07-01,1
"877","PE",260970,2022-06-01,2
"878","PE",260970,2022-05-01,1
"879","PE",260970,2022-04-01,1
"880","PE",260970,2022-03-01,0
"881","PE",260970,2022-02-01,2
"882","PE",260970,2022-01-01,0
"883","PE",260830,2022-09-01,0
"884","PE",260830,2022-08-01,0
"885","PE",260830,2022-07-01,1
"886","PE",260830,2022-06-01,0
"887","PE",260830,2022-05-01,0
"888","PE",260830,2022-04-01,0
"889","PE",260830,2022-03-01,0
"890","PE",260830,2022-02-01,0
"891","PE",260830,2022-01-01,0
"892","PE",260230,2022-09-01,0
"893","PE",260230,2022-08-01,2
"894","PE",260230,2022-07-01,0
"895","PE",260230,2022-06-01,0
"896","PE",260230,2022-05-01,0
"897","PE",260230,2022-04-01,1
"898","PE",260230,2022-03-01,0
"899","PE",260230,2022-02-01,0
"900","PE",260230,2022-01-01,0
"901","PE",261480,2022-09-01,2
"902","PE",261480,2022-08-01,2
"903","PE",261480,2022-07-01,0
"904","PE",261480,2022-06-01,0
"905","PE",261480,2022-05-01,1
"906","PE",261480,2022-04-01,0
"907","PE",261480,2022-03-01,0
"908","PE",261480,2022-02-01,0
"909","PE",261480,2022-01-01,0
"910","PE",260420,2022-09-01,0
"911","PE",260420,2022-08-01,0
"912","PE",260420,2022-07-01,1
"913","PE",260420,2022-06-01,0
"914","PE",260420,2022-05-01,2
"915","PE",260420,2022-04-01,0
"916","PE",260420,2022-03-01,1
"917","PE",260420,2022-02-01,0
"918","PE",260420,2022-01-01,1
"919","PE",261400,2022-09-01,0
"920","PE",261400,2022-08-01,0
"921","PE",261400,2022-07-01,0
"922","PE",261400,2022-06-01,0
"923","PE",261400,2022-05-01,1
"924","PE",261400,2022-04-01,0
"925","PE",261400,2022-03-01,0
"926","PE",261400,2022-02-01,0
"927","PE",261400,2022-01-01,0
"928","PE",260570,2022-09-01,0
"929","PE",260570,2022-08-01,2
"930","PE",260570,2022-07-01,1
"931","PE",260570,2022-06-01,0
"932","PE",260570,2022-05-01,0
"933","PE",260570,2022-04-01,1
"934","PE",260570,2022-03-01,4
"935","PE",260570,2022-02-01,1
"936","PE",260570,2022-01-01,2
"937","PE",261010,2022-09-01,0
"938","PE",261010,2022-08-01,0
"939","PE",261010,2022-07-01,0
"940","PE",261010,2022-06-01,1
"941","PE",261010,2022-05-01,1
"942","PE",261010,2022-04-01,0
"943","PE",261010,2022-03-01,0
"944","PE",261010,2022-02-01,0
"945","PE",261010,2022-01-01,0
"946","PE",261247,2022-09-01,1
"947","PE",261247,2022-08-01,1
"948","PE",261247,2022-07-01,0
"949","PE",261247,2022-06-01,0
"950","PE",261247,2022-05-01,0
"951","PE",261247,2022-04-01,1
"952","PE",261247,2022-03-01,0
"953","PE",261247,2022-02-01,0
"954","PE",261247,2022-01-01,0
"955","PE",261590,2022-09-01,0
"956","PE",261590,2022-08-01,0
"957","PE",261590,2022-07-01,0
"958","PE",261590,2022-06-01,0
"959","PE",261590,2022-05-01,0
"960","PE",261590,2022-04-01,0
"961","PE",261590,2022-03-01,1
"962","PE",261590,2022-02-01,0
"963","PE",261590,2022-01-01,1
"964","PE",261190,2022-09-01,0
"965","PE",261190,2022-08-01,2
"966","PE",261190,2022-07-01,1
"967","PE",261190,2022-06-01,0
"968","PE",261190,2022-05-01,0
"969","PE",261190,2022-04-01,0
"970","PE",261190,2022-03-01,0
"971","PE",261190,2022-02-01,0
"972","PE",261190,2022-01-01,0
"973","PE",260700,2022-09-01,2
"974","PE",260700,2022-08-01,0
"975","PE",260700,2022-07-01,0
"976","PE",260700,2022-06-01,0
"977","PE",260700,2022-05-01,1
"978","PE",260700,2022-04-01,0
"979","PE",260700,2022-03-01,0
"980","PE",260700,2022-02-01,0
"981","PE",260700,2022-01-01,0
"982","PE",261080,2022-09-01,0
"983","PE",261080,2022-08-01,0
"984","PE",261080,2022-07-01,3
"985","PE",261080,2022-06-01,0
"986","PE",261080,2022-05-01,0
"987","PE",261080,2022-04-01,0
"988","PE",261080,2022-03-01,0
"989","PE",261080,2022-02-01,0
"990","PE",261080,2022-01-01,0
"991","PE",260880,2022-09-01,1
"992","PE",260880,2022-08-01,0
"993","PE",260880,2022-07-01,0
"994","PE",260880,2022-06-01,0
"995","PE",260880,2022-05-01,0
"996","PE",260880,2022-04-01,0
"997","PE",260880,2022-03-01,1
"998","PE",260880,2022-02-01,0
"999","PE",260880,2022-01-01,2
"1000","PE",260680,2022-09-01,3
"1001","PE",260680,2022-08-01,6
"1002","PE",260680,2022-07-01,5
"1003","PE",260680,2022-06-01,4
"1004","PE",260680,2022-05-01,2
"1005","PE",260680,2022-04-01,2
"1006","PE",260680,2022-03-01,5
"1007","PE",260680,2022-02-01,5
"1008","PE",260680,2022-01-01,1
"1009","PE",261310,2022-09-01,3
"1010","PE",261310,2022-08-01,1
"1011","PE",261310,2022-07-01,0
"1012","PE",261310,2022-06-01,2
"1013","PE",261310,2022-05-01,0
"1014","PE",261310,2022-04-01,1
"1015","PE",261310,2022-03-01,0
"1016","PE",261310,2022-02-01,0
"1017","PE",261310,2022-01-01,0
"1018","PE",261570,2022-09-01,0
"1019","PE",261570,2022-08-01,0
"1020","PE",261570,2022-07-01,0
"1021","PE",261570,2022-06-01,0
"1022","PE",261570,2022-05-01,0
"1023","PE",261570,2022-04-01,0
"1024","PE",261570,2022-03-01,0
"1025","PE",261570,2022-02-01,0
"1026","PE",261570,2022-01-01,1
"1027","PE",260720,2022-09-01,2
"1028","PE",260720,2022-08-01,1
"1029","PE",260720,2022-07-01,1
"1030","PE",260720,2022-06-01,6
"1031","PE",260720,2022-05-01,2
"1032","PE",260720,2022-04-01,0
"1033","PE",260720,2022-03-01,0
"1034","PE",260720,2022-02-01,2
"1035","PE",260720,2022-01-01,1
"1036","PE",260610,2022-09-01,1
"1037","PE",260610,2022-08-01,0
"1038","PE",260610,2022-07-01,0
"1039","PE",260610,2022-06-01,0
"1040","PE",260610,2022-05-01,0
"1041","PE",260610,2022-04-01,0
"1042","PE",260610,2022-03-01,0
"1043","PE",260610,2022-02-01,0
"1044","PE",260610,2022-01-01,0
"1045","PE",261460,2022-09-01,1
"1046","PE",261460,2022-08-01,3
"1047","PE",261460,2022-07-01,0
"1048","PE",261460,2022-06-01,4
"1049","PE",261460,2022-05-01,0
"1050","PE",261460,2022-04-01,0
"1051","PE",261460,2022-03-01,0
"1052","PE",261460,2022-02-01,0
"1053","PE",261460,2022-01-01,0
"1054","PE",260360,2022-09-01,0
"1055","PE",260360,2022-08-01,0
"1056","PE",260360,2022-07-01,0
"1057","PE",260360,2022-06-01,0
"1058","PE",260360,2022-05-01,1
"1059","PE",260360,2022-04-01,0
"1060","PE",260360,2022-03-01,0
"1061","PE",260360,2022-02-01,0
"1062","PE",260360,2022-01-01,0
"1063","PE",260410,2022-09-01,7
"1064","PE",260410,2022-08-01,29
"1065","PE",260410,2022-07-01,23
"1066","PE",260410,2022-06-01,21
"1067","PE",260410,2022-05-01,12
"1068","PE",260410,2022-04-01,17
"1069","PE",260410,2022-03-01,15
"1070","PE",260410,2022-02-01,18
"1071","PE",260410,2022-01-01,14
"1072","PE",261290,2022-09-01,1
"1073","PE",261290,2022-08-01,0
"1074","PE",261290,2022-07-01,0
"1075","PE",261290,2022-06-01,1
"1076","PE",261290,2022-05-01,0
"1077","PE",261290,2022-04-01,0
"1078","PE",261290,2022-03-01,0
"1079","PE",261290,2022-02-01,0
"1080","PE",261290,2022-01-01,0
"1081","PE",260540,2022-09-01,0
"1082","PE",260540,2022-08-01,0
"1083","PE",260540,2022-07-01,0
"1084","PE",260540,2022-06-01,0
"1085","PE",260540,2022-05-01,0
"1086","PE",260540,2022-04-01,1
"1087","PE",260540,2022-03-01,3
"1088","PE",260540,2022-02-01,0
"1089","PE",260540,2022-01-01,0
"1090","PE",260640,2022-09-01,0
"1091","PE",260640,2022-08-01,4
"1092","PE",260640,2022-07-01,1
"1093","PE",260640,2022-06-01,1
"1094","PE",260640,2022-05-01,1
"1095","PE",260640,2022-04-01,3
"1096","PE",260640,2022-03-01,0
"1097","PE",260640,2022-02-01,1
"1098","PE",260640,2022-01-01,0
"1099","PE",261030,2022-09-01,0
"1100","PE",261030,2022-08-01,0
"1101","PE",261030,2022-07-01,0
"1102","PE",261030,2022-06-01,0
"1103","PE",261030,2022-05-01,0
"1104","PE",261030,2022-04-01,1
"1105","PE",261030,2022-03-01,0
"1106","PE",261030,2022-02-01,0
"1107","PE",261030,2022-01-01,0
"1108","PE",260860,2022-09-01,1
"1109","PE",260860,2022-08-01,0
"1110","PE",260860,2022-07-01,0
"1111","PE",260860,2022-06-01,0
"1112","PE",260860,2022-05-01,0
"1113","PE",260860,2022-04-01,0
"1114","PE",260860,2022-03-01,0
"1115","PE",260860,2022-02-01,0
"1116","PE",260860,2022-01-01,0
"1117","PE",260180,2022-09-01,0
"1118","PE",260180,2022-08-01,0
"1119","PE",260180,2022-07-01,1
"1120","PE",260180,2022-06-01,0
"1121","PE",260180,2022-05-01,0
"1122","PE",260180,2022-04-01,0
"1123","PE",260180,2022-03-01,0
"1124","PE",260180,2022-02-01,0
"1125","PE",260180,2022-01-01,1
"1126","PE",260010,2022-09-01,1
"1127","PE",260010,2022-08-01,1
"1128","PE",260010,2022-07-01,0
"1129","PE",260010,2022-06-01,0
"1130","PE",260010,2022-05-01,0
"1131","PE",260010,2022-04-01,0
"1132","PE",260010,2022-03-01,0
"1133","PE",260010,2022-02-01,0
"1134","PE",260010,2022-01-01,1
"1135","PE",261560,2022-09-01,0
"1136","PE",261560,2022-08-01,3
"1137","PE",261560,2022-07-01,5
"1138","PE",261560,2022-06-01,0
"1139","PE",261560,2022-05-01,1
"1140","PE",261560,2022-04-01,2
"1141","PE",261560,2022-03-01,1
"1142","PE",261560,2022-02-01,2
"1143","PE",261560,2022-01-01,3
"1144","PE",260515,2022-09-01,0
"1145","PE",260515,2022-08-01,0
"1146","PE",260515,2022-07-01,0
"1147","PE",260515,2022-06-01,0
"1148","PE",260515,2022-05-01,0
"1149","PE",260515,2022-04-01,0
"1150","PE",260515,2022-03-01,2
"1151","PE",260515,2022-02-01,0
"1152","PE",260515,2022-01-01,0
"1153","PE",260550,2022-09-01,1
"1154","PE",260550,2022-08-01,3
"1155","PE",260550,2022-07-01,1
"1156","PE",260550,2022-06-01,0
"1157","PE",260550,2022-05-01,2
"1158","PE",260550,2022-04-01,1
"1159","PE",260550,2022-03-01,0
"1160","PE",260550,2022-02-01,0
"1161","PE",260550,2022-01-01,1
"1162","PE",260340,2022-09-01,0
"1163","PE",260340,2022-08-01,0
"1164","PE",260340,2022-07-01,0
"1165","PE",260340,2022-06-01,0
"1166","PE",260340,2022-05-01,0
"1167","PE",260340,2022-04-01,0
"1168","PE",260340,2022-03-01,1
"1169","PE",260340,2022-02-01,1
"1170","PE",260340,2022-01-01,0
"1171","PE",260825,2022-09-01,0
"1172","PE",260825,2022-08-01,0
"1173","PE",260825,2022-07-01,0
"1174","PE",260825,2022-06-01,1
"1175","PE",260825,2022-05-01,2
"1176","PE",260825,2022-04-01,0
"1177","PE",260825,2022-03-01,0
"1178","PE",260825,2022-02-01,0
"1179","PE",260825,2022-01-01,0
"1180","PE",260440,2022-09-01,0
"1181","PE",260440,2022-08-01,0
"1182","PE",260440,2022-07-01,1
"1183","PE",260440,2022-06-01,0
"1184","PE",260440,2022-05-01,0
"1185","PE",260440,2022-04-01,0
"1186","PE",260440,2022-03-01,0
"1187","PE",260440,2022-02-01,1
"1188","PE",260440,2022-01-01,0
"1189","PE",260005,2022-09-01,1
"1190","PE",260005,2022-08-01,2
"1191","PE",260005,2022-07-01,1
"1192","PE",260005,2022-06-01,6
"1193","PE",260005,2022-05-01,1
"1194","PE",260005,2022-04-01,1
"1195","PE",260005,2022-03-01,0
"1196","PE",260005,2022-02-01,3
"1197","PE",260005,2022-01-01,3
"1198","PE",261340,2022-09-01,0
"1199","PE",261340,2022-08-01,1
"1200","PE",261340,2022-07-01,0
"1201","PE",261340,2022-06-01,1
"1202","PE",261340,2022-05-01,0
"1203","PE",261340,2022-04-01,0
"1204","PE",261340,2022-03-01,0
"1205","PE",261340,2022-02-01,0
"1206","PE",261340,2022-01-01,1
"1207","PE",261360,2022-09-01,4
"1208","PE",261360,2022-08-01,0
"1209","PE",261360,2022-07-01,2
"1210","PE",261360,2022-06-01,2
"1211","PE",261360,2022-05-01,2
"1212","PE",261360,2022-04-01,0
"1213","PE",261360,2022-03-01,0
"1214","PE",261360,2022-02-01,0
"1215","PE",261360,2022-01-01,1
"1216","PE",261100,2022-09-01,1
"1217","PE",261100,2022-08-01,1
"1218","PE",261100,2022-07-01,3
"1219","PE",261100,2022-06-01,0
"1220","PE",261100,2022-05-01,2
"1221","PE",261100,2022-04-01,0
"1222","PE",261100,2022-03-01,0
"1223","PE",261100,2022-02-01,1
"1224","PE",261100,2022-01-01,1
"1225","PE",260430,2022-09-01,0
"1226","PE",260430,2022-08-01,2
"1227","PE",260430,2022-07-01,0
"1228","PE",260430,2022-06-01,0
"1229","PE",260430,2022-05-01,0
"1230","PE",260430,2022-04-01,2
"1231","PE",260430,2022-03-01,2
"1232","PE",260430,2022-02-01,3
"1233","PE",260430,2022-01-01,1
"1234","PE",261350,2022-09-01,0
"1235","PE",261350,2022-08-01,0
"1236","PE",261350,2022-07-01,2
"1237","PE",261350,2022-06-01,0
"1238","PE",261350,2022-05-01,0
"1239","PE",261350,2022-04-01,2
"1240","PE",261350,2022-03-01,0
"1241","PE",261350,2022-02-01,0
"1242","PE",261350,2022-01-01,0
"1243","PE",260805,2022-09-01,0
"1244","PE",260805,2022-08-01,0
"1245","PE",260805,2022-07-01,0
"1246","PE",260805,2022-06-01,0
"1247","PE",260805,2022-05-01,0
"1248","PE",260805,2022-04-01,1
"1249","PE",260805,2022-03-01,0
"1250","PE",260805,2022-02-01,0
"1251","PE",260805,2022-01-01,0
"1252","PE",261530,2022-09-01,8
"1253","PE",261530,2022-08-01,7
"1254","PE",261530,2022-07-01,4
"1255","PE",261530,2022-06-01,1
"1256","PE",261530,2022-05-01,4
"1257","PE",261530,2022-04-01,4
"1258","PE",261530,2022-03-01,12
"1259","PE",261530,2022-02-01,6
"1260","PE",261530,2022-01-01,1
"1261","PE",260060,2022-09-01,0
"1262","PE",260060,2022-08-01,1
"1263","PE",260060,2022-07-01,0
"1264","PE",260060,2022-06-01,1
"1265","PE",260060,2022-05-01,1
"1266","PE",260060,2022-04-01,0
"1267","PE",260060,2022-03-01,0
"1268","PE",260060,2022-02-01,0
"1269","PE",260060,2022-01-01,0
"1270","PE",260345,2022-09-01,8
"1271","PE",260345,2022-08-01,10
"1272","PE",260345,2022-07-01,7
"1273","PE",260345,2022-06-01,6
"1274","PE",260345,2022-05-01,0
"1275","PE",260345,2022-04-01,3
"1276","PE",260345,2022-03-01,6
"1277","PE",260345,2022-02-01,1
"1278","PE",260345,2022-01-01,1
"1279","PE",260200,2022-09-01,3
"1280","PE",260200,2022-08-01,0
"1281","PE",260200,2022-07-01,1
"1282","PE",260200,2022-06-01,4
"1283","PE",260200,2022-05-01,0
"1284","PE",260200,2022-04-01,0
"1285","PE",260200,2022-03-01,0
"1286","PE",260200,2022-02-01,1
"1287","PE",260200,2022-01-01,2
"1288","PE",260520,2022-09-01,1
"1289","PE",260520,2022-08-01,3
"1290","PE",260520,2022-07-01,2
"1291","PE",260520,2022-06-01,2
"1292","PE",260520,2022-05-01,1
"1293","PE",260520,2022-04-01,2
"1294","PE",260520,2022-03-01,1
"1295","PE",260520,2022-02-01,3
"1296","PE",260520,2022-01-01,0
"1297","PE",261485,2022-09-01,3
"1298","PE",261485,2022-08-01,2
"1299","PE",261485,2022-07-01,1
"1300","PE",261485,2022-06-01,0
"1301","PE",261485,2022-05-01,1
"1302","PE",261485,2022-04-01,0
"1303","PE",261485,2022-03-01,0
"1304","PE",261485,2022-02-01,0
"1305","PE",261485,2022-01-01,0
"1306","PE",260530,2022-09-01,0
"1307","PE",260530,2022-08-01,2
"1308","PE",260530,2022-07-01,1
"1309","PE",260530,2022-06-01,0
"1310","PE",260530,2022-05-01,1
"1311","PE",260530,2022-04-01,1
"1312","PE",260530,2022-03-01,1
"1313","PE",260530,2022-02-01,0
"1314","PE",260530,2022-01-01,1
"1315","PE",260050,2022-09-01,5
"1316","PE",260050,2022-08-01,0
"1317","PE",260050,2022-07-01,1
"1318","PE",260050,2022-06-01,0
"1319","PE",260050,2022-05-01,2
"1320","PE",260050,2022-04-01,0
"1321","PE",260050,2022-03-01,1
"1322","PE",260050,2022-02-01,2
"1323","PE",260050,2022-01-01,0
"1324","PE",260915,2022-09-01,1
"1325","PE",260915,2022-08-01,0
"1326","PE",260915,2022-07-01,0
"1327","PE",260915,2022-06-01,0
"1328","PE",260915,2022-05-01,0
"1329","PE",260915,2022-04-01,0
"1330","PE",260915,2022-03-01,0
"1331","PE",260915,2022-02-01,0
"1332","PE",260915,2022-01-01,0
"1333","PE",260950,2022-09-01,0
"1334","PE",260950,2022-08-01,0
"1335","PE",260950,2022-07-01,1
"1336","PE",260950,2022-06-01,0
"1337","PE",260950,2022-05-01,0
"1338","PE",260950,2022-04-01,0
"1339","PE",260950,2022-03-01,0
"1340","PE",260950,2022-02-01,0
"1341","PE",260950,2022-01-01,0
"1342","PE",261120,2022-09-01,0
"1343","PE",261120,2022-08-01,0
"1344","PE",261120,2022-07-01,1
"1345","PE",261120,2022-06-01,0
"1346","PE",261120,2022-05-01,0
"1347","PE",261120,2022-04-01,0
"1348","PE",261120,2022-03-01,0
"1349","PE",261120,2022-02-01,0
"1350","PE",261120,2022-01-01,0
"1351","PE",261170,2022-09-01,0
"1352","PE",261170,2022-08-01,0
"1353","PE",261170,2022-07-01,0
"1354","PE",261170,2022-06-01,0
"1355","PE",261170,2022-05-01,0
"1356","PE",261170,2022-04-01,0
"1357","PE",261170,2022-03-01,1
"1358","PE",261170,2022-02-01,0
"1359","PE",261170,2022-01-01,0
"1360","PE",261550,2022-09-01,0
"1361","PE",261550,2022-08-01,0
"1362","PE",261550,2022-07-01,0
"1363","PE",261550,2022-06-01,0
"1364","PE",261550,2022-05-01,0
"1365","PE",261550,2022-04-01,0
"1366","PE",261550,2022-03-01,0
"1367","PE",261550,2022-02-01,1
"1368","PE",261550,2022-01-01,0
"1369","PE",261260,2022-09-01,2
"1370","PE",261260,2022-08-01,4
"1371","PE",261260,2022-07-01,3
"1372","PE",261260,2022-06-01,1
"1373","PE",261260,2022-05-01,2
"1374","PE",261260,2022-04-01,0
"1375","PE",261260,2022-03-01,5
"1376","PE",261260,2022-02-01,2
"1377","PE",261260,2022-01-01,0
"1378","PE",260770,2022-09-01,1
"1379","PE",260770,2022-08-01,0
"1380","PE",260770,2022-07-01,1
"1381","PE",260770,2022-06-01,0
"1382","PE",260770,2022-05-01,0
"1383","PE",260770,2022-04-01,0
"1384","PE",260770,2022-03-01,0
"1385","PE",260770,2022-02-01,0
"1386","PE",260770,2022-01-01,0
"1387","Fonte: Sistema de Informação em Saúde para a Atenção Básica - SISAB",NA,2022-09-01,NA
"1388","Fonte: Sistema de Informação em Saúde para a Atenção Básica - SISAB",NA,2022-08-01,NA
"1389","Fonte: Sistema de Informação em Saúde para a Atenção Básica - SISAB",NA,2022-07-01,NA
"1390","Fonte: Sistema de Informação em Saúde para a Atenção Básica - SISAB",NA,2022-06-01,NA
"1391","Fonte: Sistema de Informação em Saúde para a Atenção Básica - SISAB",NA,2022-05-01,NA
"1392","Fonte: Sistema de Informação em Saúde para a Atenção Básica - SISAB",NA,2022-04-01,NA
"1393","Fonte: Sistema de Informação em Saúde para a Atenção Básica - SISAB",NA,2022-03-01,NA
"1394","Fonte: Sistema de Informação em Saúde para a Atenção Básica - SISAB",NA,2022-02-01,NA
"1395","Fonte: Sistema de Informação em Saúde para a Atenção Básica - SISAB",NA,2022-01-01,NA
"1396","E-mail: sisab@saude.gov.br",NA,2022-09-01,NA
"1397","E-mail: sisab@saude.gov.br",NA,2022-08-01,NA
"1398","E-mail: sisab@saude.gov.br",NA,2022-07-01,NA
"1399","E-mail: sisab@saude.gov.br",NA,2022-06-01,NA
"1400","E-mail: sisab@saude.gov.br",NA,2022-05-01,NA
"1401","E-mail: sisab@saude.gov.br",NA,2022-04-01,NA
"1402","E-mail: sisab@saude.gov.br",NA,2022-03-01,NA
"1403","E-mail: sisab@saude.gov.br",NA,2022-02-01,NA
"1404","E-mail: sisab@saude.gov.br",NA,2022-01-01,NA
"1405","Dado gerado em: 07 de Novembro de 2022 - 15:16h",NA,2022-09-01,NA
"1406","Dado gerado em: 07 de Novembro de 2022 - 15:16h",NA,2022-08-01,NA
"1407","Dado gerado em: 07 de Novembro de 2022 - 15:16h",NA,2022-07-01,NA
"1408","Dado gerado em: 07 de Novembro de 2022 - 15:16h",NA,2022-06-01,NA
"1409","Dado gerado em: 07 de Novembro de 2022 - 15:16h",NA,2022-05-01,NA
"1410","Dado gerado em: 07 de Novembro de 2022 - 15:16h",NA,2022-04-01,NA
"1411","Dado gerado em: 07 de Novembro de 2022 - 15:16h",NA,2022-03-01,NA
"1412","Dado gerado em: 07 de Novembro de 2022 - 15:16h",NA,2022-02-01,NA
"1413","Dado gerado em: 07 de Novembro de 2022 - 15:16h",NA,2022-01-01,NA
