data_iniSE,SE,casos_confirmados,casos_estimados,casos_est_min,casos_est_max,casprov,casconf,notif_accum_year,pop,Rt,p_inc100k,p_rt1,state_code,state,region,data_fimSE
2024-03-03,202410,4883,12904.5,7396,,,,282645,2923369.0,0.7257756,441.42563,0.0,DF,Distrito Federal,Centro-Oeste,2024-03-09
2024-02-25,202409,12200,15618.5,13720,,,,282645,2923369.0,0.8144972,534.26373,0.0,DF,Distrito Federal,Centro-Oeste,2024-03-02
2024-02-18,202408,16553,19008.0,17814,,,,282645,2923369.0,0.9243021,650.20874,2.4424907e-15,DF,Distrito Federal,Centro-Oeste,2024-02-24
2024-02-11,202407,16571,18675.5,17709,,,,282645,2923369.0,0.8827243,638.83484,0.0,DF,Distrito Federal,Centro-Oeste,2024-02-17
2024-02-04,202406,18470,20260.0,19422,,,,282645,2923369.0,1.0728897,693.036,1.0,DF,Distrito Federal,Centro-Oeste,2024-02-10
2024-01-28,202405,22578,23853.0,23202,,,,282645,2923369.0,1.6569003,815.94214,1.0,DF,Distrito Federal,Centro-Oeste,2024-02-03
2024-01-21,202404,19740,20422.5,20056,,,,282645,2923369.0,1.9742026,698.59467,1.0,DF,Distrito Federal,Centro-Oeste,2024-01-27
2024-01-14,202403,13550,13852.0,13680,,,,282645,2923369.0,1.8468535,473.83685,1.0,DF,Distrito Federal,Centro-Oeste,2024-01-20
2024-01-07,202402,8773,8877.5,8810,9014.0,,,282645,2923369.0,1.7783818,303.6736,1.0,DF,Distrito Federal,Centro-Oeste,2024-01-13
2023-12-31,202401,8773,8800.0,8777,8855.0,,,282645,2923369.0,2.6595988,301.02255,1.0,DF,Distrito Federal,Centro-Oeste,2024-01-06
2023-12-24,202352,3814,3814.0,3814,3814.0,,,282645,2923369.0,1.5393834,130.46591,1.0,DF,Distrito Federal,Centro-Oeste,2023-12-30
2023-12-17,202351,2944,2944.0,2944,2944.0,,,282645,2923369.0,1.542788,100.70573,1.0,DF,Distrito Federal,Centro-Oeste,2023-12-23
2023-12-10,202350,2614,2614.0,2614,2614.0,,,282645,2923369.0,1.8239049,89.41738,1.0,DF,Distrito Federal,Centro-Oeste,2023-12-16
2023-12-03,202349,1806,1806.0,1806,1806.0,,,282645,2923369.0,1.6908653,61.778038,1.0,DF,Distrito Federal,Centro-Oeste,2023-12-09
2023-11-26,202348,1381,1381.0,1381,1381.0,,,282645,2923369.0,1.7550658,47.240017,1.0,DF,Distrito Federal,Centro-Oeste,2023-12-02
2023-11-19,202347,1093,1093.0,1093,1093.0,,,282645,2923369.0,1.7975117,37.38837,1.0,DF,Distrito Federal,Centro-Oeste,2023-11-25
2023-11-12,202346,683,683.0,683,683.0,,,282645,2923369.0,1.3522967,23.363455,0.9999999,DF,Distrito Federal,Centro-Oeste,2023-11-18
2023-11-05,202345,610,610.0,610,610.0,,,282645,2923369.0,1.3152707,20.866337,0.9999961,DF,Distrito Federal,Centro-Oeste,2023-11-11
2023-10-29,202344,479,479.0,479,479.0,,,282645,2923369.0,1.0367191,16.385204,0.7099741,DF,Distrito Federal,Centro-Oeste,2023-11-04
2023-10-22,202343,410,410.0,410,410.0,,,282645,2923369.0,0.8820537,14.024915,0.03179249,DF,Distrito Federal,Centro-Oeste,2023-10-28
2023-10-15,202342,527,527.0,527,527.0,,,282645,2923369.0,1.0730109,18.027145,0.86957407,DF,Distrito Federal,Centro-Oeste,2023-10-21
2023-10-08,202341,398,398.0,398,398.0,,,282645,2923369.0,0.75615966,13.614429,1.1675856e-05,DF,Distrito Federal,Centro-Oeste,2023-10-14
2023-10-01,202340,519,519.0,519,519.0,,,282645,2923369.0,0.9209011,17.753489,0.08761707,DF,Distrito Federal,Centro-Oeste,2023-10-07
2023-09-24,202339,524,524.0,524,524.0,,,282645,2923369.0,0.88989437,17.924524,0.025900032,DF,Distrito Federal,Centro-Oeste,2023-09-30
2023-09-17,202338,548,548.0,548,548.0,,,282645,2923369.0,0.95341134,18.745495,0.2120019,DF,Distrito Federal,Centro-Oeste,2023-09-23
2023-09-10,202337,649,649.0,649,649.0,,,282645,2923369.0,1.1936715,22.200413,0.99886364,DF,Distrito Federal,Centro-Oeste,2023-09-16
2023-09-03,202336,567,567.0,567,567.0,,,282645,2923369.0,1.0809793,19.39543,0.9008318,DF,Distrito Federal,Centro-Oeste,2023-09-09
2023-08-27,202335,547,547.0,547,547.0,,,282645,2923369.0,1.0516144,18.711288,0.7945204,DF,Distrito Federal,Centro-Oeste,2023-09-02
2023-08-20,202334,502,502.0,502,502.0,,,282645,2923369.0,0.96499795,17.171968,0.2844213,DF,Distrito Federal,Centro-Oeste,2023-08-26
2023-08-13,202333,547,547.0,547,547.0,,,282645,2923369.0,1.0420364,18.711288,0.74992836,DF,Distrito Federal,Centro-Oeste,2023-08-19
2023-08-06,202332,488,488.0,488,488.0,,,282645,2923369.0,0.91675997,16.69307,0.08257488,DF,Distrito Federal,Centro-Oeste,2023-08-12
2023-07-30,202331,567,567.0,567,567.0,,,282645,2923369.0,0.99269396,19.39543,0.45076126,DF,Distrito Federal,Centro-Oeste,2023-08-05
2023-07-23,202330,487,487.0,487,487.0,,,282645,2923369.0,0.7831961,16.658861,2.5059613e-05,DF,Distrito Federal,Centro-Oeste,2023-07-29
2023-07-16,202329,560,560.0,560,560.0,,,282645,2923369.0,0.86865085,19.155981,0.0073123435,DF,Distrito Federal,Centro-Oeste,2023-07-22
2023-07-09,202328,667,667.0,667,667.0,,,282645,2923369.0,0.98746634,22.816141,0.40860486,DF,Distrito Federal,Centro-Oeste,2023-07-15
2023-07-02,202327,650,650.0,650,650.0,,,282645,2923369.0,0.8550899,22.234621,0.0016637954,DF,Distrito Federal,Centro-Oeste,2023-07-08
2023-06-25,202326,614,614.0,614,614.0,,,282645,2923369.0,0.7218066,21.003164,2.8452196e-10,DF,Distrito Federal,Centro-Oeste,2023-07-01
2023-06-18,202325,759,759.0,759,759.0,,,282645,2923369.0,0.84250176,25.963196,0.00024548802,DF,Distrito Federal,Centro-Oeste,2023-06-24
2023-06-11,202324,918,918.0,918,918.0,,,282645,2923369.0,0.96852005,31.402126,0.24480288,DF,Distrito Federal,Centro-Oeste,2023-06-17
2023-06-04,202323,874,874.0,874,874.0,,,282645,2923369.0,0.8423183,29.897013,9.011848e-05,DF,Distrito Federal,Centro-Oeste,2023-06-10
2023-05-28,202322,958,958.0,958,958.0,,,282645,2923369.0,0.82023144,32.77041,2.578252e-06,DF,Distrito Federal,Centro-Oeste,2023-06-03
2023-05-21,202321,955,955.0,955,955.0,,,282645,2923369.0,0.75048894,32.66779,7.917889e-12,DF,Distrito Federal,Centro-Oeste,2023-05-27
2023-05-14,202320,1256,1256.0,1256,1256.0,,,282645,2923369.0,0.9446178,42.964127,0.07373823,DF,Distrito Federal,Centro-Oeste,2023-05-20
2023-05-07,202319,1245,1245.0,1245,1245.0,,,282645,2923369.0,0.9207853,42.58785,0.01776171,DF,Distrito Federal,Centro-Oeste,2023-05-13
2023-04-30,202318,1426,1426.0,1426,1426.0,,,282645,2923369.0,1.0167902,48.779335,0.6710544,DF,Distrito Federal,Centro-Oeste,2023-05-06
2023-04-23,202317,1275,1275.0,1275,1275.0,,,282645,2923369.0,0.8881419,43.614063,0.0010152608,DF,Distrito Federal,Centro-Oeste,2023-04-29
2023-04-16,202316,1409,1409.0,1409,1409.0,,,282645,2923369.0,0.9883603,48.197815,0.37762856,DF,Distrito Federal,Centro-Oeste,2023-04-22
2023-04-09,202315,1561,1561.0,1561,1561.0,,,282645,2923369.0,1.0799298,53.397297,0.9824701,DF,Distrito Federal,Centro-Oeste,2023-04-15
2023-04-02,202314,1301,1301.0,1301,1301.0,,,282645,2923369.0,0.9066224,44.50345,0.005193874,DF,Distrito Federal,Centro-Oeste,2023-04-08
2023-03-26,202313,1506,1506.0,1506,1506.0,,,282645,2923369.0,1.1067052,51.515903,0.9966653,DF,Distrito Federal,Centro-Oeste,2023-04-01
2023-03-19,202312,1527,1527.0,1527,1527.0,,,282645,2923369.0,1.183774,52.234253,0.99999607,DF,Distrito Federal,Centro-Oeste,2023-03-25
2023-03-12,202311,1297,1297.0,1297,1297.0,,,282645,2923369.0,1.0490836,44.36662,0.8860732,DF,Distrito Federal,Centro-Oeste,2023-03-18
2023-03-05,202310,1330,1330.0,1330,1330.0,,,282645,2923369.0,1.0994452,45.495453,0.99152845,DF,Distrito Federal,Centro-Oeste,2023-03-11
2023-02-26,202309,1208,1208.0,1208,1208.0,,,282645,2923369.0,0.98605144,41.322186,0.36448613,DF,Distrito Federal,Centro-Oeste,2023-03-04
2023-02-19,202308,1211,1211.0,1211,1211.0,,,282645,2923369.0,0.9669932,41.42481,0.20242175,DF,Distrito Federal,Centro-Oeste,2023-02-25
2023-02-12,202307,1174,1174.0,1174,1174.0,,,282645,2923369.0,0.9714476,40.159145,0.23976377,DF,Distrito Federal,Centro-Oeste,2023-02-18
2023-02-05,202306,1345,1345.0,1345,1345.0,,,282645,2923369.0,1.1886246,46.00856,0.9999912,DF,Distrito Federal,Centro-Oeste,2023-02-11
2023-01-29,202305,1260,1260.0,1260,1260.0,,,282645,3055149.0,1.1569107,41.24185,0.9997907,DF,Distrito Federal,Centro-Oeste,2023-02-04
2023-01-22,202304,1021,1021.0,1021,1021.0,,,282645,3055149.0,0.9867947,33.41899,0.3815501,DF,Distrito Federal,Centro-Oeste,2023-01-28
2023-01-15,202303,1183,1183.0,1183,1183.0,,,282645,3055149.0,1.229674,38.721516,0.9999991,DF,Distrito Federal,Centro-Oeste,2023-01-21
2023-01-08,202302,1001,1001.0,1001,1001.0,,,282645,3055149.0,1.1074423,32.76436,0.986996,DF,Distrito Federal,Centro-Oeste,2023-01-14
2023-01-01,202301,1013,1013.0,1013,1013.0,,,282645,3055149.0,1.0998188,33.15714,0.9817548,DF,Distrito Federal,Centro-Oeste,2023-01-07
2022-12-25,202252,802,802.0,802,802.0,,,282645,3055149.0,0.832278,26.250765,5.907311e-05,DF,Distrito Federal,Centro-Oeste,2022-12-31
2022-12-18,202251,889,889.0,889,889.0,,,282645,3055149.0,0.9193578,29.098417,0.035091054,DF,Distrito Federal,Centro-Oeste,2022-12-24
2022-12-11,202250,1003,1003.0,1003,1003.0,,,282645,3055149.0,1.1345972,32.829823,0.99693376,DF,Distrito Federal,Centro-Oeste,2022-12-17
2022-12-04,202249,1050,1050.0,1050,1050.0,,,282645,3055149.0,1.360499,34.36821,1.0,DF,Distrito Federal,Centro-Oeste,2022-12-10
2022-11-27,202248,889,889.0,889,889.0,,,282645,3055149.0,1.3160375,29.098417,0.99999994,DF,Distrito Federal,Centro-Oeste,2022-12-03
2022-11-20,202247,775,775.0,775,775.0,,,282645,3055149.0,1.3138343,25.367012,0.99999976,DF,Distrito Federal,Centro-Oeste,2022-11-26
2022-11-13,202246,688,688.0,688,688.0,,,282645,3055149.0,1.2290988,22.51936,0.99986094,DF,Distrito Federal,Centro-Oeste,2022-11-19
2022-11-06,202245,559,559.0,559,559.0,,,282645,3055149.0,0.9371222,18.29698,0.13482298,DF,Distrito Federal,Centro-Oeste,2022-11-12
2022-10-30,202244,510,510.0,510,510.0,,,282645,3055149.0,0.79368675,16.69313,4.6017216e-05,DF,Distrito Federal,Centro-Oeste,2022-11-05
2022-10-23,202243,592,592.0,592,592.0,,,282645,3055149.0,0.91242987,19.377123,0.053286765,DF,Distrito Federal,Centro-Oeste,2022-10-29
2022-10-16,202242,698,698.0,698,698.0,,,282645,3055149.0,1.0808127,22.846676,0.92282176,DF,Distrito Federal,Centro-Oeste,2022-10-22
2022-10-09,202241,649,649.0,649,649.0,,,282645,3055149.0,0.9925266,21.242826,0.44613692,DF,Distrito Federal,Centro-Oeste,2022-10-15
2022-10-02,202240,613,613.0,613,613.0,,,282645,3055149.0,0.93937063,20.064487,0.13293806,DF,Distrito Federal,Centro-Oeste,2022-10-08
2022-09-25,202239,701,701.0,701,701.0,,,282645,3055149.0,1.0814039,22.944872,0.92467123,DF,Distrito Federal,Centro-Oeste,2022-10-01
2022-09-18,202238,627,627.0,627,627.0,,,282645,3055149.0,0.98581976,20.52273,0.3998018,DF,Distrito Federal,Centro-Oeste,2022-09-24
2022-09-11,202237,671,671.0,671,671.0,,,282645,3055149.0,1.092227,21.962923,0.9430766,DF,Distrito Federal,Centro-Oeste,2022-09-17
2022-09-04,202236,639,639.0,639,639.0,,,282645,3055149.0,1.0719334,20.91551,0.8888952,DF,Distrito Federal,Centro-Oeste,2022-09-10
2022-08-28,202235,625,625.0,625,625.0,,,282645,3055149.0,1.0669839,20.457268,0.8703628,DF,Distrito Federal,Centro-Oeste,2022-09-03
2022-08-21,202234,571,571.0,571,571.0,,,282645,3055149.0,1.0124217,18.68976,0.5823963,DF,Distrito Federal,Centro-Oeste,2022-08-27
2022-08-14,202233,619,619.0,619,619.0,,,282645,3055149.0,1.1269816,20.260878,0.9794183,DF,Distrito Federal,Centro-Oeste,2022-08-20
2022-08-07,202232,564,564.0,564,564.0,,,282645,3055149.0,0.9957824,18.460638,0.4716681,DF,Distrito Federal,Centro-Oeste,2022-08-13
2022-07-31,202231,515,515.0,515,515.0,,,282645,3055149.0,0.8377207,16.856789,0.0014835538,DF,Distrito Federal,Centro-Oeste,2022-08-06
2022-07-24,202230,576,576.0,576,576.0,,,282645,3055149.0,0.80904144,18.853418,7.440936e-05,DF,Distrito Federal,Centro-Oeste,2022-07-30
2022-07-17,202229,581,581.0,581,581.0,,,282645,3055149.0,0.6540625,19.017076,4.440892e-16,DF,Distrito Federal,Centro-Oeste,2022-07-23
2022-07-10,202228,689,689.0,689,689.0,,,282645,3055149.0,0.60229325,22.552092,0.0,DF,Distrito Federal,Centro-Oeste,2022-07-16
2022-07-03,202227,810,810.0,810,810.0,,,282645,3055149.0,0.5754955,26.512619,0.0,DF,Distrito Federal,Centro-Oeste,2022-07-09
2022-06-26,202226,1162,1162.0,1162,1162.0,,,282645,3055149.0,0.69970787,38.034153,0.0,DF,Distrito Federal,Centro-Oeste,2022-07-02
2022-06-19,202225,1455,1455.0,1455,1455.0,,,282645,3055149.0,0.74263,47.62452,0.0,DF,Distrito Federal,Centro-Oeste,2022-06-25
2022-06-12,202224,1596,1596.0,1596,1596.0,,,282645,3055149.0,0.6913076,52.239677,0.0,DF,Distrito Federal,Centro-Oeste,2022-06-18
2022-06-05,202223,1950,1950.0,1950,1950.0,,,282645,3055149.0,0.71201026,63.826675,0.0,DF,Distrito Federal,Centro-Oeste,2022-06-11
2022-05-29,202222,2325,2325.0,2325,2325.0,,,282645,3055149.0,0.7239274,76.101036,0.0,DF,Distrito Federal,Centro-Oeste,2022-06-04
2022-05-22,202221,2557,2557.0,2557,2557.0,,,282645,3055149.0,0.7140136,83.69477,0.0,DF,Distrito Federal,Centro-Oeste,2022-05-28
2022-05-15,202220,3489,3489.0,3489,3489.0,,,282645,3055149.0,0.8783014,114.20065,1.078141e-08,DF,Distrito Federal,Centro-Oeste,2022-05-21
2022-05-08,202219,3497,3497.0,3497,3497.0,,,282645,3055149.0,0.792298,114.4625,0.0,DF,Distrito Federal,Centro-Oeste,2022-05-14
2022-05-01,202218,3859,3859.0,3859,3859.0,,,282645,3055149.0,0.8385974,126.31135,3.330669e-16,DF,Distrito Federal,Centro-Oeste,2022-05-07
2022-04-24,202217,4578,4578.0,4578,4578.0,,,282645,3055149.0,1.0290229,149.8454,0.91294247,DF,Distrito Federal,Centro-Oeste,2022-04-30
2022-04-17,202216,5023,5023.0,5023,5023.0,,,282645,3055149.0,1.1803542,164.41096,1.0,DF,Distrito Federal,Centro-Oeste,2022-04-23
2022-04-10,202215,4254,4254.0,4254,4254.0,,,282645,3055149.0,1.0557157,139.24034,0.9931875,DF,Distrito Federal,Centro-Oeste,2022-04-16
2022-04-03,202214,4321,4321.0,4321,4321.0,,,282645,3055149.0,1.189469,141.43336,1.0,DF,Distrito Federal,Centro-Oeste,2022-04-09
2022-03-27,202213,4199,4199.0,4199,4199.0,,,282645,3055149.0,1.3393672,137.44011,1.0,DF,Distrito Federal,Centro-Oeste,2022-04-02
2022-03-20,202212,3726,3726.0,3726,3726.0,,,282645,3055149.0,1.3910584,121.958046,1.0,DF,Distrito Federal,Centro-Oeste,2022-03-26
2022-03-13,202211,3060,3060.0,3060,3060.0,,,282645,3055149.0,1.343896,100.15878,1.0,DF,Distrito Federal,Centro-Oeste,2022-03-19
2022-03-06,202210,2708,2708.0,2708,2708.0,,,282645,3055149.0,1.3819804,88.637245,1.0,DF,Distrito Federal,Centro-Oeste,2022-03-12
2022-02-27,202209,2264,2264.0,2264,2264.0,,,282645,3055149.0,1.2704633,74.10441,1.0,DF,Distrito Federal,Centro-Oeste,2022-03-05
2022-02-20,202208,1869,1869.0,1869,1869.0,,,282645,3055149.0,1.1132209,61.17541,0.99929464,DF,Distrito Federal,Centro-Oeste,2022-02-26
2022-02-13,202207,1721,1721.0,1721,1721.0,,,282645,3055149.0,1.1214738,56.33113,0.9994592,DF,Distrito Federal,Centro-Oeste,2022-02-19
2022-02-06,202206,1787,1787.0,1787,1787.0,,,282645,3055149.0,1.3199914,58.49142,1.0,DF,Distrito Federal,Centro-Oeste,2022-02-12
2022-01-30,202205,1524,1524.0,1524,1524.0,,,282645,3055149.0,1.298957,49.883,1.0,DF,Distrito Federal,Centro-Oeste,2022-02-05
2022-01-23,202204,1383,1383.0,1383,1383.0,,,282645,3055149.0,1.3712634,45.26784,1.0,DF,Distrito Federal,Centro-Oeste,2022-01-29
2022-01-16,202203,1149,1149.0,1149,1149.0,,,282645,3055149.0,1.4439749,37.60864,1.0,DF,Distrito Federal,Centro-Oeste,2022-01-22
2022-01-09,202202,1008,1008.0,1008,1008.0,,,282645,3055149.0,1.7556746,32.99348,1.0,DF,Distrito Federal,Centro-Oeste,2022-01-15
2022-01-02,202201,977,977.0,977,977.0,,,282645,3055149.0,1.8927472,31.9788,1.0,DF,Distrito Federal,Centro-Oeste,2022-01-08
2024-03-03,202410,1,149.0,38,490.0,,,3099,694244.0,1.0905864,21.462194,0.76837015,MT,Mato Grosso,Centro-Oeste,2024-03-09
2024-02-25,202409,42,138.0,69,376.0,,,3099,694244.0,1.33866,19.877737,0.9879755,MT,Mato Grosso,Centro-Oeste,2024-03-02
2024-02-18,202408,124,176.0,136,280.0,,,3099,694244.0,2.5713832,25.351316,1.0,MT,Mato Grosso,Centro-Oeste,2024-02-24
2024-02-11,202407,64,88.0,70,136.0,,,3099,694244.0,1.7923608,12.675658,0.9996046,MT,Mato Grosso,Centro-Oeste,2024-02-17
2024-02-04,202406,53,65.0,55,89.0,,,3099,694244.0,1.5035578,9.362702,0.9824801,MT,Mato Grosso,Centro-Oeste,2024-02-10
2024-01-28,202405,31,37.0,31,51.0,,,3099,694244.0,0.905121,5.3295383,0.32926208,MT,Mato Grosso,Centro-Oeste,2024-02-03
2024-01-21,202404,45,48.0,45,56.0,,,3099,694244.0,1.273686,6.9139957,0.8688692,MT,Mato Grosso,Centro-Oeste,2024-01-27
2024-01-14,202403,37,38.0,37,44.0,,,3099,694244.0,1.2916826,5.47358,0.85383654,MT,Mato Grosso,Centro-Oeste,2024-01-20
2024-01-07,202402,42,42.0,42,45.0,,,3099,694244.0,2.4472272,6.049746,0.99952483,MT,Mato Grosso,Centro-Oeste,2024-01-13
2023-12-31,202401,35,35.0,35,37.0,,,3099,694244.0,4.235388,5.0414553,0.99999005,MT,Mato Grosso,Centro-Oeste,2024-01-06
2023-12-24,202352,12,12.0,12,12.0,,,3099,694244.0,2.1760793,1.7284989,0.9461355,MT,Mato Grosso,Centro-Oeste,2023-12-30
2023-12-17,202351,6,6.0,6,6.0,,,3099,694244.0,0.7633811,0.86424947,0.30300376,MT,Mato Grosso,Centro-Oeste,2023-12-23
2023-12-10,202350,3,3.0,3,3.0,,,3099,694244.0,0.27642658,0.43212473,0.012169708,MT,Mato Grosso,Centro-Oeste,2023-12-16
2023-12-03,202349,5,5.0,5,5.0,,,3099,694244.0,0.51185375,0.72020787,0.09859131,MT,Mato Grosso,Centro-Oeste,2023-12-09
2023-11-26,202348,18,18.0,18,18.0,,,3099,694244.0,2.351383,2.5927484,0.9824952,MT,Mato Grosso,Centro-Oeste,2023-12-02
2023-11-19,202347,8,8.0,8,8.0,,,3099,694244.0,1.2521282,1.1523327,0.6692116,MT,Mato Grosso,Centro-Oeste,2023-11-25
2023-11-12,202346,6,6.0,6,6.0,,,3099,694244.0,1.2597777,0.86424947,0.6527101,MT,Mato Grosso,Centro-Oeste,2023-11-18
2023-11-05,202345,9,9.0,9,9.0,,,3099,694244.0,2.217299,1.2963742,0.9239944,MT,Mato Grosso,Centro-Oeste,2023-11-11
2023-10-29,202344,3,3.0,3,3.0,,,3099,694244.0,0.6702539,0.43212473,0.2831855,MT,Mato Grosso,Centro-Oeste,2023-11-04
2023-10-22,202343,3,3.0,3,3.0,,,3099,694244.0,0.5752792,0.43212473,0.20621587,MT,Mato Grosso,Centro-Oeste,2023-10-28
2023-10-15,202342,6,6.0,6,6.0,,,3099,694244.0,0.9027948,0.86424947,0.42550102,MT,Mato Grosso,Centro-Oeste,2023-10-21
2023-10-08,202341,3,3.0,3,3.0,,,3099,694244.0,0.38926613,0.43212473,0.06337879,MT,Mato Grosso,Centro-Oeste,2023-10-14
2023-10-01,202340,8,8.0,8,8.0,,,3099,694244.0,0.9844963,1.1523327,0.48715693,MT,Mato Grosso,Centro-Oeste,2023-10-07
2023-09-24,202339,8,8.0,8,8.0,,,3099,694244.0,0.9186772,1.1523327,0.42948756,MT,Mato Grosso,Centro-Oeste,2023-09-30
2023-09-17,202338,8,8.0,8,8.0,,,3099,694244.0,0.850005,1.1523327,0.3643837,MT,Mato Grosso,Centro-Oeste,2023-09-23
2023-09-10,202337,8,8.0,8,8.0,,,3099,694244.0,0.792917,1.1523327,0.30735287,MT,Mato Grosso,Centro-Oeste,2023-09-16
2023-09-03,202336,11,11.0,11,11.0,,,3099,694244.0,0.94321746,1.5844573,0.4436551,MT,Mato Grosso,Centro-Oeste,2023-09-09
2023-08-27,202335,8,8.0,8,8.0,,,3099,694244.0,0.65552896,1.1523327,0.16886133,MT,Mato Grosso,Centro-Oeste,2023-09-02
2023-08-20,202334,12,12.0,12,12.0,,,3099,694244.0,1.1219114,1.7284989,0.60983413,MT,Mato Grosso,Centro-Oeste,2023-08-26
2023-08-13,202333,16,16.0,16,16.0,,,3099,694244.0,1.529169,2.3046653,0.8638543,MT,Mato Grosso,Centro-Oeste,2023-08-19
2023-08-06,202332,8,8.0,8,8.0,,,3099,694244.0,0.6646628,1.1523327,0.17769058,MT,Mato Grosso,Centro-Oeste,2023-08-12
2023-07-30,202331,9,9.0,9,9.0,,,3099,694244.0,0.62635356,1.2963742,0.12794292,MT,Mato Grosso,Centro-Oeste,2023-08-05
2023-07-23,202330,14,14.0,14,14.0,,,3099,694244.0,0.78709286,2.016582,0.24779804,MT,Mato Grosso,Centro-Oeste,2023-07-29
2023-07-16,202329,11,11.0,11,11.0,,,3099,694244.0,0.54425186,1.5844573,0.04606056,MT,Mato Grosso,Centro-Oeste,2023-07-22
2023-07-09,202328,20,20.0,20,20.0,,,3099,694244.0,0.8869973,2.8808315,0.34656954,MT,Mato Grosso,Centro-Oeste,2023-07-15
2023-07-02,202327,22,22.0,22,22.0,,,3099,694244.0,0.8542131,3.1689146,0.2917088,MT,Mato Grosso,Centro-Oeste,2023-07-08
2023-06-25,202326,17,17.0,17,17.0,,,3099,694244.0,0.6361656,2.4487069,0.06798181,MT,Mato Grosso,Centro-Oeste,2023-07-01
2023-06-18,202325,33,33.0,33,33.0,,,3099,694244.0,1.2097363,4.753372,0.7711402,MT,Mato Grosso,Centro-Oeste,2023-06-24
2023-06-11,202324,23,23.0,23,23.0,,,3099,694244.0,0.71278423,3.3129563,0.10398472,MT,Mato Grosso,Centro-Oeste,2023-06-17
2023-06-04,202323,30,30.0,30,30.0,,,3099,694244.0,0.6102408,4.321247,0.014776918,MT,Mato Grosso,Centro-Oeste,2023-06-10
2023-05-28,202322,22,22.0,22,22.0,,,3099,694244.0,0.29654008,3.1689146,1.9517458e-08,MT,Mato Grosso,Centro-Oeste,2023-06-03
2023-05-21,202321,42,42.0,42,42.0,,,3099,694244.0,0.44575912,6.049746,2.721343e-06,MT,Mato Grosso,Centro-Oeste,2023-05-27
2023-05-14,202320,81,81.0,81,81.0,,,3099,694244.0,0.80632603,11.667368,0.07366335,MT,Mato Grosso,Centro-Oeste,2023-05-20
2023-05-07,202319,99,99.0,99,99.0,,,3099,694244.0,1.0649408,14.260116,0.66884106,MT,Mato Grosso,Centro-Oeste,2023-05-13
2023-04-30,202318,114,114.0,114,114.0,,,3099,694244.0,1.3757129,16.42074,0.9870723,MT,Mato Grosso,Centro-Oeste,2023-05-06
2023-04-23,202317,91,91.0,91,91.0,,,3099,694244.0,1.1971521,13.107783,0.877649,MT,Mato Grosso,Centro-Oeste,2023-04-29
2023-04-16,202316,79,79.0,79,79.0,,,3099,694244.0,1.0976043,11.379285,0.7168214,MT,Mato Grosso,Centro-Oeste,2023-04-22
2023-04-09,202315,80,80.0,80,80.0,,,3099,694244.0,1.1369039,11.523326,0.7846702,MT,Mato Grosso,Centro-Oeste,2023-04-15
2023-04-02,202314,64,64.0,64,64.0,,,3099,694244.0,0.92096823,9.218661,0.3167164,MT,Mato Grosso,Centro-Oeste,2023-04-08
2023-03-26,202313,80,80.0,80,80.0,,,3099,694244.0,1.1577342,11.523326,0.814747,MT,Mato Grosso,Centro-Oeste,2023-04-01
2023-03-19,202312,57,57.0,57,57.0,,,3099,694244.0,0.9199474,8.21037,0.3240408,MT,Mato Grosso,Centro-Oeste,2023-03-25
2023-03-12,202311,85,85.0,85,85.0,,,3099,694244.0,1.6371062,12.243534,0.9978131,MT,Mato Grosso,Centro-Oeste,2023-03-18
2023-03-05,202310,58,58.0,58,58.0,,,3099,694244.0,1.2986064,8.354411,0.9071693,MT,Mato Grosso,Centro-Oeste,2023-03-11
2023-02-26,202309,53,53.0,53,53.0,,,3099,694244.0,1.2705305,7.6342034,0.8782136,MT,Mato Grosso,Centro-Oeste,2023-03-04
2023-02-19,202308,40,40.0,40,40.0,,,3099,694244.0,1.0854093,5.761663,0.6409676,MT,Mato Grosso,Centro-Oeste,2023-02-25
2023-02-12,202307,42,42.0,42,42.0,,,3099,694244.0,1.6189387,6.049746,0.97555774,MT,Mato Grosso,Centro-Oeste,2023-02-18
2023-02-05,202306,46,46.0,46,46.0,,,3099,694244.0,2.709732,6.6259127,0.9999133,MT,Mato Grosso,Centro-Oeste,2023-02-11
2023-01-29,202305,23,23.0,23,23.0,,,3099,618124.0,1.5194755,3.7209363,0.901852,MT,Mato Grosso,Centro-Oeste,2023-02-04
2023-01-22,202304,10,10.0,10,10.0,,,3099,618124.0,0.700424,1.6177983,0.1879072,MT,Mato Grosso,Centro-Oeste,2023-01-28
2023-01-15,202303,16,16.0,16,16.0,,,3099,618124.0,1.6778543,2.5884774,0.90455186,MT,Mato Grosso,Centro-Oeste,2023-01-21
2023-01-08,202302,19,19.0,19,19.0,,,3099,618124.0,4.737783,3.073817,0.99956685,MT,Mato Grosso,Centro-Oeste,2023-01-14
2023-01-01,202301,9,9.0,9,9.0,,,3099,618124.0,8.348981,1.4560186,0.9976867,MT,Mato Grosso,Centro-Oeste,2023-01-07
2022-12-25,202252,2,2.0,2,2.0,,,3099,618124.0,3.3536973,0.32355967,0.85864395,MT,Mato Grosso,Centro-Oeste,2022-12-31
2022-12-18,202251,0,0.0,0,0.0,,,3099,618124.0,0.0,0.0,0.0,MT,Mato Grosso,Centro-Oeste,2022-12-24
2022-12-11,202250,0,0.0,0,0.0,,,3099,618124.0,0.0,0.0,0.0,MT,Mato Grosso,Centro-Oeste,2022-12-17
2022-12-04,202249,2,2.0,2,2.0,,,3099,618124.0,3.4522662,0.32355967,0.86314005,MT,Mato Grosso,Centro-Oeste,2022-12-10
2022-11-27,202248,0,0.0,0,0.0,,,3099,618124.0,0.0,0.0,0.0,MT,Mato Grosso,Centro-Oeste,2022-12-03
2022-11-20,202247,2,2.0,2,2.0,,,3099,618124.0,1.1089803,0.32355967,0.54482067,MT,Mato Grosso,Centro-Oeste,2022-11-26
2022-11-13,202246,0,0.0,0,0.0,,,3099,618124.0,0.0,0.0,0.0,MT,Mato Grosso,Centro-Oeste,2022-11-19
2022-11-06,202245,1,1.0,1,1.0,,,3099,618124.0,0.1508266,0.16177984,0.010095596,MT,Mato Grosso,Centro-Oeste,2022-11-12
2022-10-30,202244,4,4.0,4,4.0,,,3099,618124.0,0.44453502,0.64711934,0.07305825,MT,Mato Grosso,Centro-Oeste,2022-11-05
2022-10-23,202243,5,5.0,5,5.0,,,3099,618124.0,0.56935763,0.80889916,0.14504673,MT,Mato Grosso,Centro-Oeste,2022-10-29
2022-10-16,202242,13,13.0,13,13.0,,,3099,618124.0,1.8321135,2.103138,0.9124185,MT,Mato Grosso,Centro-Oeste,2022-10-22
2022-10-09,202241,8,8.0,8,8.0,,,3099,618124.0,1.437707,1.2942387,0.7530713,MT,Mato Grosso,Centro-Oeste,2022-10-15
2022-10-02,202240,8,8.0,8,8.0,,,3099,618124.0,1.4086857,1.2942387,0.7417847,MT,Mato Grosso,Centro-Oeste,2022-10-08
2022-09-25,202239,4,4.0,4,4.0,,,3099,618124.0,0.51663804,0.64711934,0.12641701,MT,Mato Grosso,Centro-Oeste,2022-10-01
2022-09-18,202238,5,5.0,5,5.0,,,3099,618124.0,0.54189795,0.80889916,0.122185424,MT,Mato Grosso,Centro-Oeste,2022-09-24
2022-09-11,202237,6,6.0,6,6.0,,,3099,618124.0,0.78070426,0.97067904,0.31902143,MT,Mato Grosso,Centro-Oeste,2022-09-17
2022-09-04,202236,15,15.0,15,15.0,,,3099,618124.0,2.2292912,2.4266975,0.96668506,MT,Mato Grosso,Centro-Oeste,2022-09-10
2022-08-28,202235,5,5.0,5,5.0,,,3099,618124.0,0.63279575,0.80889916,0.20084682,MT,Mato Grosso,Centro-Oeste,2022-09-03
2022-08-21,202234,5,5.0,5,5.0,,,3099,618124.0,0.52818,0.80889916,0.11120399,MT,Mato Grosso,Centro-Oeste,2022-08-27
2022-08-14,202233,9,9.0,9,9.0,,,3099,618124.0,0.81495833,1.4560186,0.32042065,MT,Mato Grosso,Centro-Oeste,2022-08-20
2022-08-07,202232,9,9.0,9,9.0,,,3099,618124.0,0.7005275,1.4560186,0.20004977,MT,Mato Grosso,Centro-Oeste,2022-08-13
2022-07-31,202231,11,11.0,11,11.0,,,3099,618124.0,0.74488926,1.7795782,0.22489834,MT,Mato Grosso,Centro-Oeste,2022-08-06
2022-07-24,202230,13,13.0,13,13.0,,,3099,618124.0,0.85052824,2.103138,0.33133677,MT,Mato Grosso,Centro-Oeste,2022-07-30
2022-07-17,202229,14,14.0,14,14.0,,,3099,618124.0,1.0379964,2.2649176,0.53952974,MT,Mato Grosso,Centro-Oeste,2022-07-23
2022-07-10,202228,20,20.0,20,20.0,,,3099,618124.0,1.7125797,3.2355967,0.9341649,MT,Mato Grosso,Centro-Oeste,2022-07-16
2022-07-03,202227,10,10.0,10,10.0,,,3099,618124.0,0.98429745,1.6177983,0.48553097,MT,Mato Grosso,Centro-Oeste,2022-07-09
2022-06-26,202226,14,14.0,14,14.0,,,3099,618124.0,1.2086265,2.2649176,0.68653125,MT,Mato Grosso,Centro-Oeste,2022-07-02
2022-06-19,202225,9,9.0,9,9.0,,,3099,618124.0,0.51958185,1.4560186,0.048127502,MT,Mato Grosso,Centro-Oeste,2022-06-25
2022-06-12,202224,6,6.0,6,6.0,,,3099,618124.0,0.2546664,0.97067904,0.0003424404,MT,Mato Grosso,Centro-Oeste,2022-06-18
2022-06-05,202223,20,20.0,20,20.0,,,3099,618124.0,0.65002936,3.2355967,0.063039795,MT,Mato Grosso,Centro-Oeste,2022-06-11
2022-05-29,202222,24,24.0,24,24.0,,,3099,618124.0,0.58385587,3.8827162,0.01591231,MT,Mato Grosso,Centro-Oeste,2022-06-04
2022-05-22,202221,26,26.0,26,26.0,,,3099,618124.0,0.53576297,4.206276,0.0040787417,MT,Mato Grosso,Centro-Oeste,2022-05-28
2022-05-15,202220,42,42.0,42,42.0,,,3099,618124.0,0.8826466,6.794753,0.2766117,MT,Mato Grosso,Centro-Oeste,2022-05-21
2022-05-08,202219,58,58.0,58,58.0,,,3099,618124.0,1.3298624,9.38323,0.9244283,MT,Mato Grosso,Centro-Oeste,2022-05-14
2022-05-01,202218,47,47.0,47,47.0,,,3099,618124.0,1.1127615,7.6036525,0.6938042,MT,Mato Grosso,Centro-Oeste,2022-05-07
2022-04-24,202217,42,42.0,42,42.0,,,3099,618124.0,0.98040193,6.794753,0.4635077,MT,Mato Grosso,Centro-Oeste,2022-04-30
2022-04-17,202216,40,40.0,40,40.0,,,3099,618124.0,0.93079734,6.4711933,0.37139466,MT,Mato Grosso,Centro-Oeste,2022-04-23
2022-04-10,202215,46,46.0,46,46.0,,,3099,618124.0,1.0008413,7.4418726,0.5016158,MT,Mato Grosso,Centro-Oeste,2022-04-16
2022-04-03,202214,42,42.0,42,42.0,,,3099,618124.0,0.8019933,6.794753,0.14157468,MT,Mato Grosso,Centro-Oeste,2022-04-09
2022-03-27,202213,39,39.0,39,39.0,,,3099,618124.0,0.69904625,6.3094134,0.041208588,MT,Mato Grosso,Centro-Oeste,2022-04-02
2022-03-20,202212,60,60.0,60,60.0,,,3099,618124.0,1.1017939,9.70679,0.69851726,MT,Mato Grosso,Centro-Oeste,2022-03-26
2022-03-13,202211,55,55.0,55,55.0,,,3099,618124.0,1.1705978,8.897891,0.7873849,MT,Mato Grosso,Centro-Oeste,2022-03-19
2022-03-06,202210,59,59.0,59,59.0,,,3099,618124.0,1.6369779,9.545011,0.9912791,MT,Mato Grosso,Centro-Oeste,2022-03-12
2022-02-27,202209,52,52.0,52,52.0,,,3099,618124.0,1.7292378,8.412552,0.9928202,MT,Mato Grosso,Centro-Oeste,2022-03-05
2022-02-20,202208,31,31.0,31,31.0,,,3099,618124.0,1.0005184,5.015175,0.50081956,MT,Mato Grosso,Centro-Oeste,2022-02-26
2022-02-13,202207,25,25.0,25,25.0,,,3099,618124.0,0.8205582,4.044496,0.22957869,MT,Mato Grosso,Centro-Oeste,2022-02-19
2022-02-06,202206,31,31.0,31,31.0,,,3099,618124.0,1.2407753,5.015175,0.7912623,MT,Mato Grosso,Centro-Oeste,2022-02-12
2022-01-30,202205,41,41.0,41,41.0,,,3099,618124.0,1.8672442,6.632973,0.9925652,MT,Mato Grosso,Centro-Oeste,2022-02-05
2022-01-23,202204,16,16.0,16,16.0,,,3099,618124.0,0.75465035,2.5884774,0.19380003,MT,Mato Grosso,Centro-Oeste,2022-01-29
2022-01-16,202203,24,24.0,24,24.0,,,3099,618124.0,1.3991206,3.8827162,0.8600934,MT,Mato Grosso,Centro-Oeste,2022-01-22
2022-01-09,202202,20,20.0,20,20.0,,,3099,618124.0,2.2322946,3.2355967,0.9825679,MT,Mato Grosso,Centro-Oeste,2022-01-15
2022-01-02,202201,27,27.0,27,27.0,,,3099,618124.0,5.665456,4.368056,0.99998754,MT,Mato Grosso,Centro-Oeste,2022-01-08
2024-03-03,202410,136,8199.0,2312,,,,162930,2392678.0,0.49030274,342.67044,0.0,MG,Minas Gerais,Sudeste,2024-03-09
2024-02-25,202409,4412,11939.5,7033,,,,162930,2392678.0,0.6568825,499.00153,0.0,MG,Minas Gerais,Sudeste,2024-03-02
2024-02-18,202408,13270,19123.5,15701,,,,162930,2392678.0,1.1267792,799.25085,1.0,MG,Minas Gerais,Sudeste,2024-02-24
2024-02-11,202407,15197,19646.0,17093,,,,162930,2392678.0,1.367662,821.0883,1.0,MG,Minas Gerais,Sudeste,2024-02-17
2024-02-04,202406,14321,17421.0,15663,,,,162930,2392678.0,1.5799015,728.0963,1.0,MG,Minas Gerais,Sudeste,2024-02-10
2024-01-28,202405,12850,14796.5,13664,,,,162930,2392678.0,1.9673067,618.4075,1.0,MG,Minas Gerais,Sudeste,2024-02-03
2024-01-21,202404,10587,11568.0,10912,,,,162930,2392678.0,2.4205878,483.475,1.0,MG,Minas Gerais,Sudeste,2024-01-27
2024-01-14,202403,6392,6799.0,6524,7437.0,,,162930,2392678.0,2.3981106,284.1586,1.0,MG,Minas Gerais,Sudeste,2024-01-20
2024-01-07,202402,4157,4289.0,4188,4535.0,,,162930,2392678.0,3.177723,179.25522,1.0,MG,Minas Gerais,Sudeste,2024-01-13
2023-12-31,202401,3128,3151.0,3129,3217.0,,,162930,2392678.0,5.533572,131.69344,1.0,MG,Minas Gerais,Sudeste,2024-01-06
2023-12-24,202352,634,634.0,634,634.0,,,162930,2392678.0,1.6588117,26.497505,1.0,MG,Minas Gerais,Sudeste,2023-12-30
2023-12-17,202351,335,335.0,335,335.0,,,162930,2392678.0,0.8504189,14.001048,0.014447761,MG,Minas Gerais,Sudeste,2023-12-23
2023-12-10,202350,369,369.0,369,369.0,,,162930,2392678.0,0.889067,15.42205,0.049917266,MG,Minas Gerais,Sudeste,2023-12-16
2023-12-03,202349,388,388.0,388,388.0,,,162930,2392678.0,0.94284546,16.216139,0.202617,MG,Minas Gerais,Sudeste,2023-12-09
2023-11-26,202348,442,442.0,442,442.0,,,162930,2392678.0,1.083189,18.473024,0.8779935,MG,Minas Gerais,Sudeste,2023-12-02
2023-11-19,202347,430,430.0,430,430.0,,,162930,2392678.0,1.0325646,17.971495,0.67952186,MG,Minas Gerais,Sudeste,2023-11-25
2023-11-12,202346,344,344.0,344,344.0,,,162930,2392678.0,0.85690886,14.377195,0.017595952,MG,Minas Gerais,Sudeste,2023-11-18
2023-11-05,202345,504,504.0,504,504.0,,,162930,2392678.0,1.2793539,21.064264,0.9998829,MG,Minas Gerais,Sudeste,2023-11-11
2023-10-29,202344,355,355.0,355,355.0,,,162930,2392678.0,0.8994235,14.836931,0.07339288,MG,Minas Gerais,Sudeste,2023-11-04
2023-10-22,202343,390,390.0,390,390.0,,,162930,2392678.0,1.0024202,16.299728,0.51346296,MG,Minas Gerais,Sudeste,2023-10-28
2023-10-15,202342,432,432.0,432,432.0,,,162930,2392678.0,1.1090703,18.055082,0.93100786,MG,Minas Gerais,Sudeste,2023-10-21
2023-10-08,202341,348,348.0,348,348.0,,,162930,2392678.0,0.9110504,14.544373,0.104105555,MG,Minas Gerais,Sudeste,2023-10-14
2023-10-01,202340,424,424.0,424,424.0,,,162930,2392678.0,1.1638191,17.72073,0.9833234,MG,Minas Gerais,Sudeste,2023-10-07
2023-09-24,202339,377,377.0,377,377.0,,,162930,2392678.0,1.125888,15.756404,0.9430971,MG,Minas Gerais,Sudeste,2023-09-30
2023-09-17,202338,370,370.0,370,370.0,,,162930,2392678.0,1.2044142,15.463844,0.9921613,MG,Minas Gerais,Sudeste,2023-09-23
2023-09-10,202337,361,361.0,361,361.0,,,162930,2392678.0,1.1881514,15.087697,0.9867862,MG,Minas Gerais,Sudeste,2023-09-16
2023-09-03,202336,254,254.0,254,254.0,,,162930,2392678.0,0.83261573,10.61572,0.015281237,MG,Minas Gerais,Sudeste,2023-09-09
2023-08-27,202335,336,336.0,336,336.0,,,162930,2392678.0,1.0684549,14.042842,0.8008545,MG,Minas Gerais,Sudeste,2023-09-02
2023-08-20,202334,294,294.0,294,294.0,,,162930,2392678.0,0.8715215,12.287487,0.042107593,MG,Minas Gerais,Sudeste,2023-08-26
2023-08-13,202333,298,298.0,298,298.0,,,162930,2392678.0,0.8329228,12.454664,0.009709746,MG,Minas Gerais,Sudeste,2023-08-19
2023-08-06,202332,352,352.0,352,352.0,,,162930,2392678.0,0.9403663,14.711549,0.2036054,MG,Minas Gerais,Sudeste,2023-08-12
2023-07-30,202331,360,360.0,360,360.0,,,162930,2392678.0,0.9129402,15.045902,0.10549091,MG,Minas Gerais,Sudeste,2023-08-05
2023-07-23,202330,371,371.0,371,371.0,,,162930,2392678.0,0.9025791,15.505638,0.07592644,MG,Minas Gerais,Sudeste,2023-07-29
2023-07-16,202329,391,391.0,391,391.0,,,162930,2392678.0,0.8692196,16.341522,0.021146638,MG,Minas Gerais,Sudeste,2023-07-22
2023-07-09,202328,443,443.0,443,443.0,,,162930,2392678.0,0.7531574,18.514818,2.9391015e-06,MG,Minas Gerais,Sudeste,2023-07-15
2023-07-02,202327,361,361.0,361,361.0,,,162930,2392678.0,0.43846992,15.087697,0.0,MG,Minas Gerais,Sudeste,2023-07-08
2023-06-25,202326,528,528.0,528,528.0,,,162930,2392678.0,0.49129206,22.067324,0.0,MG,Minas Gerais,Sudeste,2023-07-01
2023-06-18,202325,826,826.0,826,826.0,,,162930,2392678.0,0.62162465,34.521988,0.0,MG,Minas Gerais,Sudeste,2023-06-24
2023-06-11,202324,1124,1124.0,1124,1124.0,,,162930,2392678.0,0.66987854,46.97665,0.0,MG,Minas Gerais,Sudeste,2023-06-17
2023-06-04,202323,1242,1242.0,1242,1242.0,,,162930,2392678.0,0.5571974,51.908363,0.0,MG,Minas Gerais,Sudeste,2023-06-10
2023-05-28,202322,1633,1633.0,1633,1633.0,,,162930,2392678.0,0.54925084,68.249886,0.0,MG,Minas Gerais,Sudeste,2023-06-03
2023-05-21,202321,1990,1990.0,1990,1990.0,,,162930,2392678.0,0.5554928,83.1704,0.0,MG,Minas Gerais,Sudeste,2023-05-27
2023-05-14,202320,3070,3070.0,3070,3070.0,,,162930,2392678.0,0.80197203,128.30812,0.0,MG,Minas Gerais,Sudeste,2023-05-20
2023-05-07,202319,3933,3933.0,3933,3933.0,,,162930,2392678.0,0.99698067,164.37648,0.4466202,MG,Minas Gerais,Sudeste,2023-05-13
2023-04-30,202318,3884,3884.0,3884,3884.0,,,162930,2392678.0,0.9290225,162.32857,0.00047515615,MG,Minas Gerais,Sudeste,2023-05-06
2023-04-23,202317,3783,3783.0,3783,3783.0,,,162930,2392678.0,0.88190407,158.10736,8.4834895e-09,MG,Minas Gerais,Sudeste,2023-04-29
2023-04-16,202316,4140,4140.0,4140,4140.0,,,162930,2392678.0,1.0160279,173.02788,0.7644254,MG,Minas Gerais,Sudeste,2023-04-22
2023-04-09,202315,4909,4909.0,4909,4909.0,,,162930,2392678.0,1.2980591,205.1676,1.0,MG,Minas Gerais,Sudeste,2023-04-15
2023-04-02,202314,3652,3652.0,3652,3652.0,,,162930,2392678.0,1.0988761,152.63232,0.99995846,MG,Minas Gerais,Sudeste,2023-04-08
2023-03-26,202313,4193,4193.0,4193,4193.0,,,162930,2392678.0,1.5035347,175.24297,1.0,MG,Minas Gerais,Sudeste,2023-04-01
2023-03-19,202312,3327,3327.0,3327,3327.0,,,162930,2392678.0,1.4113957,139.04921,1.0,MG,Minas Gerais,Sudeste,2023-03-25
2023-03-12,202311,2678,2678.0,2678,2678.0,,,162930,2392678.0,1.3715377,111.9248,1.0,MG,Minas Gerais,Sudeste,2023-03-18
2023-03-05,202310,2348,2348.0,2348,2348.0,,,162930,2392678.0,1.5795002,98.13272,1.0,MG,Minas Gerais,Sudeste,2023-03-11
2023-02-26,202309,2121,2121.0,2121,2121.0,,,162930,2392678.0,1.8721247,88.64544,1.0,MG,Minas Gerais,Sudeste,2023-03-04
2023-02-19,202308,1394,1394.0,1394,1394.0,,,162930,2392678.0,1.4259201,58.261078,1.0,MG,Minas Gerais,Sudeste,2023-02-25
2023-02-12,202307,951,951.0,951,951.0,,,162930,2392678.0,1.0941684,39.746258,0.97252053,MG,Minas Gerais,Sudeste,2023-02-18
2023-02-05,202306,1021,1021.0,1021,1021.0,,,162930,2392678.0,1.3862457,42.671852,1.0,MG,Minas Gerais,Sudeste,2023-02-11
2023-01-29,202305,921,921.0,921,921.0,,,162930,2521564.0,1.4651064,36.524952,1.0,MG,Minas Gerais,Sudeste,2023-02-04
2023-01-22,202304,680,680.0,680,680.0,,,162930,2521564.0,1.2628565,26.96739,0.99997556,MG,Minas Gerais,Sudeste,2023-01-28
2023-01-15,202303,638,638.0,638,638.0,,,162930,2521564.0,1.4941833,25.301758,1.0,MG,Minas Gerais,Sudeste,2023-01-21
2023-01-08,202302,542,542.0,542,542.0,,,162930,2521564.0,1.7982165,21.494596,1.0,MG,Minas Gerais,Sudeste,2023-01-14
2023-01-01,202301,464,464.0,464,464.0,,,162930,2521564.0,2.1475081,18.401278,1.0,MG,Minas Gerais,Sudeste,2023-01-07
2022-12-25,202252,277,277.0,277,277.0,,,162930,2521564.0,1.4842906,10.985246,0.9999875,MG,Minas Gerais,Sudeste,2022-12-31
2022-12-18,202251,167,167.0,167,167.0,,,162930,2521564.0,0.8791996,6.622874,0.11192824,MG,Minas Gerais,Sudeste,2022-12-24
2022-12-11,202250,186,186.0,186,186.0,,,162930,2521564.0,0.8936604,7.3763742,0.13214293,MG,Minas Gerais,Sudeste,2022-12-17
2022-12-04,202249,189,189.0,189,189.0,,,162930,2521564.0,0.8026246,7.495348,0.011899251,MG,Minas Gerais,Sudeste,2022-12-10
2022-11-27,202248,193,193.0,193,193.0,,,162930,2521564.0,0.7729144,7.65398,0.0034538365,MG,Minas Gerais,Sudeste,2022-12-03
2022-11-20,202247,260,260.0,260,260.0,,,162930,2521564.0,1.1353247,10.311061,0.9197062,MG,Minas Gerais,Sudeste,2022-11-26
2022-11-13,202246,271,271.0,271,271.0,,,162930,2521564.0,1.3244524,10.747298,0.99886245,MG,Minas Gerais,Sudeste,2022-11-19
2022-11-06,202245,240,240.0,240,240.0,,,162930,2521564.0,1.1679875,9.517902,0.9492679,MG,Minas Gerais,Sudeste,2022-11-12
2022-10-30,202244,171,171.0,171,171.0,,,162930,2521564.0,0.790636,6.7815056,0.010553025,MG,Minas Gerais,Sudeste,2022-11-05
2022-10-23,202243,208,208.0,208,208.0,,,162930,2521564.0,0.95434237,8.248849,0.3146702,MG,Minas Gerais,Sudeste,2022-10-29
2022-10-16,202242,229,229.0,229,229.0,,,162930,2521564.0,1.0806695,9.081665,0.79245675,MG,Minas Gerais,Sudeste,2022-10-22
2022-10-09,202241,218,218.0,218,218.0,,,162930,2521564.0,1.1014068,8.645428,0.83777165,MG,Minas Gerais,Sudeste,2022-10-15
2022-10-02,202240,216,216.0,216,216.0,,,162930,2521564.0,1.2341138,8.5661125,0.9810663,MG,Minas Gerais,Sudeste,2022-10-08
2022-09-25,202239,209,209.0,209,209.0,,,162930,2521564.0,1.3530482,8.2885065,0.9979423,MG,Minas Gerais,Sudeste,2022-10-01
2022-09-18,202238,174,174.0,174,174.0,,,162930,2521564.0,1.2276094,6.9004793,0.9655881,MG,Minas Gerais,Sudeste,2022-09-24
2022-09-11,202237,143,143.0,143,143.0,,,162930,2521564.0,1.0993663,5.6710835,0.783332,MG,Minas Gerais,Sudeste,2022-09-17
2022-09-04,202236,152,152.0,152,152.0,,,162930,2521564.0,1.2555362,6.0280046,0.9697418,MG,Minas Gerais,Sudeste,2022-09-10
2022-08-28,202235,124,124.0,124,124.0,,,162930,2521564.0,1.0387414,4.917583,0.616754,MG,Minas Gerais,Sudeste,2022-09-03
2022-08-21,202234,122,122.0,122,122.0,,,162930,2521564.0,0.92128956,4.838267,0.2563556,MG,Minas Gerais,Sudeste,2022-08-27
2022-08-14,202233,112,112.0,112,112.0,,,162930,2521564.0,0.73622745,4.4416876,0.0066101984,MG,Minas Gerais,Sudeste,2022-08-20
2022-08-07,202232,116,116.0,116,116.0,,,162930,2521564.0,0.7243375,4.6003194,0.0038338343,MG,Minas Gerais,Sudeste,2022-08-13
2022-07-31,202231,180,180.0,180,180.0,,,162930,2521564.0,1.088379,7.138427,0.784521,MG,Minas Gerais,Sudeste,2022-08-06
2022-07-24,202230,151,151.0,151,151.0,,,162930,2521564.0,0.8665196,5.988347,0.09818827,MG,Minas Gerais,Sudeste,2022-07-30
2022-07-17,202229,164,164.0,164,164.0,,,162930,2521564.0,0.894332,6.5039,0.14889795,MG,Minas Gerais,Sudeste,2022-07-23
2022-07-10,202228,177,177.0,177,177.0,,,162930,2521564.0,0.8936818,7.019453,0.13812192,MG,Minas Gerais,Sudeste,2022-07-16
2022-07-03,202227,186,186.0,186,186.0,,,162930,2521564.0,0.8335845,7.3763742,0.032961994,MG,Minas Gerais,Sudeste,2022-07-09
2022-06-26,202226,180,180.0,180,180.0,,,162930,2521564.0,0.71249044,7.138427,0.00022934977,MG,Minas Gerais,Sudeste,2022-07-02
2022-06-19,202225,238,238.0,238,238.0,,,162930,2521564.0,0.8275146,9.438586,0.015111251,MG,Minas Gerais,Sudeste,2022-06-25
2022-06-12,202224,236,236.0,236,236.0,,,162930,2521564.0,0.7586879,9.359271,0.0006480825,MG,Minas Gerais,Sudeste,2022-06-18
2022-06-05,202223,295,295.0,295,295.0,,,162930,2521564.0,0.9111105,11.699088,0.12343445,MG,Minas Gerais,Sudeste,2022-06-11
2022-05-29,202222,342,342.0,342,342.0,,,162930,2521564.0,0.9312888,13.563011,0.1715271,MG,Minas Gerais,Sudeste,2022-06-04
2022-05-22,202221,290,290.0,290,290.0,,,162930,2521564.0,0.66856843,11.500799,4.053538e-08,MG,Minas Gerais,Sudeste,2022-05-28
2022-05-15,202220,336,336.0,336,336.0,,,162930,2521564.0,0.7209105,13.325064,2.0569248e-06,MG,Minas Gerais,Sudeste,2022-05-21
2022-05-08,202219,479,479.0,479,479.0,,,162930,2521564.0,1.0578222,18.996147,0.8046018,MG,Minas Gerais,Sudeste,2022-05-14
2022-05-01,202218,492,492.0,492,492.0,,,162930,2521564.0,1.1905842,19.5117,0.99561,MG,Minas Gerais,Sudeste,2022-05-07
2022-04-24,202217,457,457.0,457,457.0,,,162930,2521564.0,1.2380266,18.123672,0.9988984,MG,Minas Gerais,Sudeste,2022-04-30
2022-04-17,202216,438,438.0,438,438.0,,,162930,2521564.0,1.2736397,17.370173,0.99962586,MG,Minas Gerais,Sudeste,2022-04-23
2022-04-10,202215,333,333.0,333,333.0,,,162930,2521564.0,1.0304784,13.20609,0.64978874,MG,Minas Gerais,Sudeste,2022-04-16
2022-04-03,202214,357,357.0,357,357.0,,,162930,2521564.0,1.1952273,14.15788,0.9887022,MG,Minas Gerais,Sudeste,2022-04-09
2022-03-27,202213,332,332.0,332,332.0,,,162930,2521564.0,1.1728725,13.166431,0.9758943,MG,Minas Gerais,Sudeste,2022-04-02
2022-03-20,202212,290,290.0,290,290.0,,,162930,2521564.0,1.05933,11.500799,0.75320613,MG,Minas Gerais,Sudeste,2022-03-26
2022-03-13,202211,275,275.0,275,275.0,,,162930,2521564.0,1.0850964,10.90593,0.8261444,MG,Minas Gerais,Sudeste,2022-03-19
2022-03-06,202210,290,290.0,290,290.0,,,162930,2521564.0,1.2985611,11.500799,0.9984083,MG,Minas Gerais,Sudeste,2022-03-12
2022-02-27,202209,261,261.0,261,261.0,,,162930,2521564.0,1.3254874,10.3507185,0.9986623,MG,Minas Gerais,Sudeste,2022-03-05
2022-02-20,202208,219,219.0,219,219.0,,,162930,2521564.0,1.1876558,8.685086,0.9577996,MG,Minas Gerais,Sudeste,2022-02-26
2022-02-13,202207,195,195.0,195,195.0,,,162930,2521564.0,1.0289909,7.733296,0.61044776,MG,Minas Gerais,Sudeste,2022-02-19
2022-02-06,202206,168,168.0,168,168.0,,,162930,2521564.0,0.7927368,6.662532,0.011957483,MG,Minas Gerais,Sudeste,2022-02-12
2022-01-30,202205,195,195.0,195,195.0,,,162930,2521564.0,0.7941035,7.733296,0.007894261,MG,Minas Gerais,Sudeste,2022-02-05
2022-01-23,202204,184,184.0,184,184.0,,,162930,2521564.0,0.7281653,7.2970586,0.0004885105,MG,Minas Gerais,Sudeste,2022-01-29
2022-01-16,202203,273,273.0,273,273.0,,,162930,2521564.0,1.3474847,10.826614,0.9993959,MG,Minas Gerais,Sudeste,2022-01-22
2022-01-09,202202,279,279.0,279,279.0,,,162930,2521564.0,2.264696,11.064562,1.0,MG,Minas Gerais,Sudeste,2022-01-15
2022-01-02,202201,256,256.0,256,256.0,,,162930,2521564.0,2.8870885,10.15243,1.0,MG,Minas Gerais,Sudeste,2022-01-08
2024-03-03,202410,99,1073.0,315,3624.0,,,35774,454146.0,0.8750756,236.26764,0.0006958838,PR,Paraná,Sul,2024-03-09
2024-02-25,202409,399,902.5,549,2068.0,,,35774,454146.0,0.68580693,198.72464,0.0,PR,Paraná,Sul,2024-03-02
2024-02-18,202408,1106,1321.0,1176,1729.0,,,35774,454146.0,1.0612414,290.8756,0.9338786,PR,Paraná,Sul,2024-02-24
2024-02-11,202407,1340,1442.0,1374,1599.0,,,35774,454146.0,1.3524331,317.51904,1.0,PR,Paraná,Sul,2024-02-17
2024-02-04,202406,1223,1277.0,1240,1355.0,,,35774,454146.0,1.5102712,281.1871,1.0,PR,Paraná,Sul,2024-02-10
2024-01-28,202405,1074,1102.0,1082,1139.0,,,35774,454146.0,1.7643424,242.65324,1.0,PR,Paraná,Sul,2024-02-03
2024-01-21,202404,833,845.0,836,869.0,,,35774,454146.0,1.9378003,186.0635,1.0,PR,Paraná,Sul,2024-01-27
2024-01-14,202403,615,620.0,616,632.0,,,35774,454146.0,2.1419675,136.51997,1.0,PR,Paraná,Sul,2024-01-20
2024-01-07,202402,395,397.0,395,403.0,,,35774,454146.0,2.2404888,87.416824,1.0,PR,Paraná,Sul,2024-01-13
2023-12-31,202401,308,308.0,308,312.0,,,35774,454146.0,2.4270341,67.8196,1.0,PR,Paraná,Sul,2024-01-06
2023-12-24,202352,132,132.0,132,132.0,,,35774,454146.0,0.9727638,29.065542,0.41050616,PR,Paraná,Sul,2023-12-30
2023-12-17,202351,82,82.0,82,82.0,,,35774,454146.0,0.54821914,18.055868,3.7070072e-06,PR,Paraná,Sul,2023-12-23
2023-12-10,202350,147,147.0,147,147.0,,,35774,454146.0,1.0280702,32.368446,0.59329873,PR,Paraná,Sul,2023-12-16
2023-12-03,202349,175,175.0,175,175.0,,,35774,454146.0,1.2986186,38.533863,0.9890699,PR,Paraná,Sul,2023-12-09
2023-11-26,202348,132,132.0,132,132.0,,,35774,454146.0,0.980855,29.065542,0.43720847,PR,Paraná,Sul,2023-12-02
2023-11-19,202347,134,134.0,134,134.0,,,35774,454146.0,1.015344,29.50593,0.54948634,PR,Paraná,Sul,2023-11-25
2023-11-12,202346,128,128.0,128,128.0,,,35774,454146.0,1.0661249,28.184769,0.69320565,PR,Paraná,Sul,2023-11-18
2023-11-05,202345,157,157.0,157,157.0,,,35774,454146.0,1.3594178,34.57038,0.9941887,PR,Paraná,Sul,2023-11-11
2023-10-29,202344,101,101.0,101,101.0,,,35774,454146.0,0.87921786,22.239544,0.17194927,PR,Paraná,Sul,2023-11-04
2023-10-22,202343,113,113.0,113,113.0,,,35774,454146.0,1.0429996,24.881866,0.6231384,PR,Paraná,Sul,2023-10-28
2023-10-15,202342,131,131.0,131,131.0,,,35774,454146.0,1.2154429,28.845348,0.9340329,PR,Paraná,Sul,2023-10-21
2023-10-08,202341,99,99.0,99,99.0,,,35774,454146.0,0.85517913,21.799156,0.12572914,PR,Paraná,Sul,2023-10-14
2023-10-01,202340,98,98.0,98,98.0,,,35774,454146.0,0.8521199,21.578964,0.121361054,PR,Paraná,Sul,2023-10-07
2023-09-24,202339,125,125.0,125,125.0,,,35774,454146.0,1.2584305,27.524189,0.95718986,PR,Paraná,Sul,2023-09-30
2023-09-17,202338,129,129.0,129,129.0,,,35774,454146.0,1.5252883,28.404963,0.9988826,PR,Paraná,Sul,2023-09-23
2023-09-10,202337,98,98.0,98,98.0,,,35774,454146.0,1.1503241,21.578964,0.8286234,PR,Paraná,Sul,2023-09-16
2023-09-03,202336,73,73.0,73,73.0,,,35774,454146.0,0.78305453,16.074125,0.05767561,PR,Paraná,Sul,2023-09-09
2023-08-27,202335,76,76.0,76,76.0,,,35774,454146.0,0.7921234,16.734707,0.06345031,PR,Paraná,Sul,2023-09-02
2023-08-20,202334,111,111.0,111,111.0,,,35774,454146.0,1.1234612,24.441479,0.80068433,PR,Paraná,Sul,2023-08-26
2023-08-13,202333,85,85.0,85,85.0,,,35774,454146.0,0.8467424,18.716448,0.12857878,PR,Paraná,Sul,2023-08-19
2023-08-06,202332,103,103.0,103,103.0,,,35774,454146.0,1.0426466,22.679932,0.61684376,PR,Paraná,Sul,2023-08-12
2023-07-30,202331,106,106.0,106,106.0,,,35774,454146.0,1.0803218,23.340511,0.70980746,PR,Paraná,Sul,2023-08-05
2023-07-23,202330,93,93.0,93,93.0,,,35774,454146.0,0.86393,20.477997,0.14994113,PR,Paraná,Sul,2023-07-29
2023-07-16,202329,106,106.0,106,106.0,,,35774,454146.0,0.8095059,23.340511,0.05209688,PR,Paraná,Sul,2023-07-22
2023-07-09,202328,76,76.0,76,76.0,,,35774,454146.0,0.50061834,16.734707,1.8786069e-07,PR,Paraná,Sul,2023-07-15
2023-07-02,202327,159,159.0,159,159.0,,,35774,454146.0,0.88394076,35.01077,0.12801807,PR,Paraná,Sul,2023-07-08
2023-06-25,202326,137,137.0,137,137.0,,,35774,454146.0,0.61310893,30.16651,2.3111963e-06,PR,Paraná,Sul,2023-07-01
2023-06-18,202325,171,171.0,171,171.0,,,35774,454146.0,0.6146697,37.65309,1.8168527e-07,PR,Paraná,Sul,2023-06-24
2023-06-11,202324,221,221.0,221,221.0,,,35774,454146.0,0.62587166,48.662766,1.491327e-08,PR,Paraná,Sul,2023-06-17
2023-06-04,202323,277,277.0,277,277.0,,,35774,454146.0,0.5885154,60.993603,5.102585e-13,PR,Paraná,Sul,2023-06-10
2023-05-28,202322,323,323.0,323,323.0,,,35774,454146.0,0.5257067,71.122505,0.0,PR,Paraná,Sul,2023-06-03
2023-05-21,202321,442,442.0,442,442.0,,,35774,454146.0,0.6090811,97.32553,0.0,PR,Paraná,Sul,2023-05-27
2023-05-14,202320,645,645.0,645,645.0,,,35774,454146.0,0.8269513,142.02481,0.00017225952,PR,Paraná,Sul,2023-05-20
2023-05-07,202319,769,769.0,769,769.0,,,35774,454146.0,0.94155055,169.32881,0.11522361,PR,Paraná,Sul,2023-05-13
2023-04-30,202318,798,798.0,798,798.0,,,35774,454146.0,0.943591,175.71442,0.11958702,PR,Paraná,Sul,2023-05-06
2023-04-23,202317,771,771.0,771,771.0,,,35774,454146.0,0.9695235,169.7692,0.27007997,PR,Paraná,Sul,2023-04-29
2023-04-16,202316,931,931.0,931,931.0,,,35774,454146.0,1.3832794,205.00015,1.0,PR,Paraná,Sul,2023-04-22
2023-04-09,202315,859,859.0,859,859.0,,,35774,454146.0,1.5373367,189.14622,1.0,PR,Paraná,Sul,2023-04-15
2023-04-02,202314,635,635.0,635,635.0,,,35774,454146.0,1.3794421,139.82288,0.99999994,PR,Paraná,Sul,2023-04-08
2023-03-26,202313,551,551.0,551,551.0,,,35774,454146.0,1.5362613,121.32662,1.0,PR,Paraná,Sul,2023-04-01
2023-03-19,202312,496,496.0,496,496.0,,,35774,454146.0,1.7982365,109.21598,1.0,PR,Paraná,Sul,2023-03-25
2023-03-12,202311,327,327.0,327,327.0,,,35774,454146.0,1.534423,72.00327,0.9999996,PR,Paraná,Sul,2023-03-18
2023-03-05,202310,273,273.0,273,273.0,,,35774,454146.0,1.6749715,60.112827,0.99999994,PR,Paraná,Sul,2023-03-11
2023-02-26,202309,217,217.0,217,217.0,,,35774,454146.0,1.6459724,47.78199,0.9999978,PR,Paraná,Sul,2023-03-04
2023-02-19,202308,147,147.0,147,147.0,,,35774,454146.0,1.2976202,32.368446,0.9819647,PR,Paraná,Sul,2023-02-25
2023-02-12,202307,124,124.0,124,124.0,,,35774,454146.0,1.2994995,27.303995,0.973551,PR,Paraná,Sul,2023-02-18
2023-02-05,202306,124,124.0,124,124.0,,,35774,454146.0,1.5467346,27.303995,0.99898535,PR,Paraná,Sul,2023-02-11
2023-01-29,202305,87,87.0,87,87.0,,,35774,430157.0,1.2657628,20.225174,0.92913747,PR,Paraná,Sul,2023-02-04
2023-01-22,202304,84,84.0,84,84.0,,,35774,430157.0,1.374575,19.527754,0.97191507,PR,Paraná,Sul,2023-01-28
2023-01-15,202303,63,63.0,63,63.0,,,35774,430157.0,1.2016506,14.645815,0.838495,PR,Paraná,Sul,2023-01-21
2023-01-08,202302,63,63.0,63,63.0,,,35774,430157.0,1.4439412,14.645815,0.9705163,PR,Paraná,Sul,2023-01-14
2023-01-01,202301,59,59.0,59,59.0,,,35774,430157.0,1.3559362,13.715922,0.9380859,PR,Paraná,Sul,2023-01-07
2022-12-25,202252,48,48.0,48,48.0,,,35774,430157.0,0.9405977,11.158716,0.3798301,PR,Paraná,Sul,2022-12-31
2022-12-18,202251,41,41.0,41,41.0,,,35774,430157.0,0.7017315,9.531404,0.039230857,PR,Paraná,Sul,2022-12-24
2022-12-11,202250,51,51.0,51,51.0,,,35774,430157.0,0.76269937,11.856136,0.07091493,PR,Paraná,Sul,2022-12-17
2022-12-04,202249,59,59.0,59,59.0,,,35774,430157.0,0.7510052,13.715922,0.046891723,PR,Paraná,Sul,2022-12-10
2022-11-27,202248,66,66.0,66,66.0,,,35774,430157.0,0.7345632,15.343235,0.027471319,PR,Paraná,Sul,2022-12-03
2022-11-20,202247,73,73.0,73,73.0,,,35774,430157.0,0.83123255,16.970549,0.120475434,PR,Paraná,Sul,2022-11-26
2022-11-13,202246,105,105.0,105,105.0,,,35774,430157.0,1.3176543,24.409693,0.9692443,PR,Paraná,Sul,2022-11-19
2022-11-06,202245,94,94.0,94,94.0,,,35774,430157.0,1.1945884,21.852486,0.8787535,PR,Paraná,Sul,2022-11-12
2022-10-30,202244,67,67.0,67,67.0,,,35774,430157.0,0.83765095,15.575708,0.14122374,PR,Paraná,Sul,2022-11-05
2022-10-23,202243,81,81.0,81,81.0,,,35774,430157.0,1.0529698,18.830334,0.6274546,PR,Paraná,Sul,2022-10-29
2022-10-16,202242,85,85.0,85,85.0,,,35774,430157.0,1.1584487,19.760227,0.82295364,PR,Paraná,Sul,2022-10-22
2022-10-09,202241,78,78.0,78,78.0,,,35774,430157.0,1.101821,18.132914,0.72330874,PR,Paraná,Sul,2022-10-15
2022-10-02,202240,67,67.0,67,67.0,,,35774,430157.0,1.0443401,15.575708,0.5983939,PR,Paraná,Sul,2022-10-08
2022-09-25,202239,81,81.0,81,81.0,,,35774,430157.0,1.3491658,18.830334,0.9619451,PR,Paraná,Sul,2022-10-01
2022-09-18,202238,62,62.0,62,62.0,,,35774,430157.0,0.94241416,14.413342,0.36833915,PR,Paraná,Sul,2022-09-24
2022-09-11,202237,51,51.0,51,51.0,,,35774,430157.0,0.6539097,11.856136,0.008349126,PR,Paraná,Sul,2022-09-17
2022-09-04,202236,65,65.0,65,65.0,,,35774,430157.0,0.7054974,15.110762,0.01478352,PR,Paraná,Sul,2022-09-10
2022-08-28,202235,77,77.0,77,77.0,,,35774,430157.0,0.7047304,17.90044,0.008769217,PR,Paraná,Sul,2022-09-03
2022-08-21,202234,94,94.0,94,94.0,,,35774,430157.0,0.7328977,21.852486,0.010531253,PR,Paraná,Sul,2022-08-27
2022-08-14,202233,100,100.0,100,100.0,,,35774,430157.0,0.69967216,23.247326,0.0028369357,PR,Paraná,Sul,2022-08-20
2022-08-07,202232,142,142.0,142,142.0,,,35774,430157.0,0.88284945,33.011204,0.1390457,PR,Paraná,Sul,2022-08-13
2022-07-31,202231,137,137.0,137,137.0,,,35774,430157.0,0.7422859,31.848837,0.0038973435,PR,Paraná,Sul,2022-08-06
2022-07-24,202230,154,154.0,154,154.0,,,35774,430157.0,0.76408494,35.80088,0.0057288893,PR,Paraná,Sul,2022-07-30
2022-07-17,202229,190,190.0,190,190.0,,,35774,430157.0,0.89556766,44.169918,0.13430907,PR,Paraná,Sul,2022-07-23
2022-07-10,202228,217,217.0,217,217.0,,,35774,430157.0,0.89674175,50.446697,0.1214706,PR,Paraná,Sul,2022-07-16
2022-07-03,202227,196,196.0,196,196.0,,,35774,430157.0,0.64949936,45.56476,9.537479e-07,PR,Paraná,Sul,2022-07-09
2022-06-26,202226,220,220.0,220,220.0,,,35774,430157.0,0.58214414,51.144115,3.9844572e-11,PR,Paraná,Sul,2022-07-02
2022-06-19,202225,301,301.0,301,301.0,,,35774,430157.0,0.6703974,69.97445,2.9038517e-08,PR,Paraná,Sul,2022-06-25
2022-06-12,202224,372,372.0,372,372.0,,,35774,430157.0,0.76125646,86.48005,3.3767938e-05,PR,Paraná,Sul,2022-06-18
2022-06-05,202223,471,471.0,471,471.0,,,35774,430157.0,0.86388767,109.4949,0.009905178,PR,Paraná,Sul,2022-06-11
2022-05-29,202222,536,536.0,536,536.0,,,35774,430157.0,0.7524304,124.60567,2.8444938e-07,PR,Paraná,Sul,2022-06-04
2022-05-22,202221,404,404.0,404,404.0,,,35774,430157.0,0.41809183,93.9192,0.0,PR,Paraná,Sul,2022-05-28
2022-05-15,202220,720,720.0,720,720.0,,,35774,430157.0,0.6091024,167.38075,0.0,PR,Paraná,Sul,2022-05-21
2022-05-08,202219,893,893.0,893,893.0,,,35774,430157.0,0.7141162,207.59862,4.8849813e-15,PR,Paraná,Sul,2022-05-14
2022-05-01,202218,1426,1426.0,1426,1426.0,,,35774,430157.0,1.1220273,331.50687,0.9985942,PR,Paraná,Sul,2022-05-07
2022-04-24,202217,1169,1169.0,1169,1169.0,,,35774,430157.0,0.96767235,271.76123,0.2115153,PR,Paraná,Sul,2022-04-30
2022-04-17,202216,1274,1274.0,1274,1274.0,,,35774,430157.0,1.274344,296.17093,1.0,PR,Paraná,Sul,2022-04-23
2022-04-10,202215,1457,1457.0,1457,1457.0,,,35774,430157.0,1.8190161,338.71353,1.0,PR,Paraná,Sul,2022-04-16
2022-04-03,202214,863,863.0,863,863.0,,,35774,430157.0,1.3436261,200.62442,1.0,PR,Paraná,Sul,2022-04-09
2022-03-27,202213,805,805.0,805,805.0,,,35774,430157.0,1.6663826,187.14098,1.0,PR,Paraná,Sul,2022-04-02
2022-03-20,202212,692,692.0,692,692.0,,,35774,430157.0,1.9932461,160.87149,1.0,PR,Paraná,Sul,2022-03-26
2022-03-13,202211,431,431.0,431,431.0,,,35774,430157.0,1.8365725,100.19598,1.0,PR,Paraná,Sul,2022-03-19
2022-03-06,202210,362,362.0,362,362.0,,,35774,430157.0,2.4273937,84.15532,1.0,PR,Paraná,Sul,2022-03-12
2022-02-27,202209,224,224.0,224,224.0,,,35774,430157.0,2.161422,52.07401,1.0,PR,Paraná,Sul,2022-03-05
2022-02-20,202208,120,120.0,120,120.0,,,35774,430157.0,1.3978553,27.896791,0.9915971,PR,Paraná,Sul,2022-02-26
2022-02-13,202207,93,93.0,93,93.0,,,35774,430157.0,1.2415799,21.620012,0.9194434,PR,Paraná,Sul,2022-02-19
2022-02-06,202206,86,86.0,86,86.0,,,35774,430157.0,1.210309,19.9927,0.884252,PR,Paraná,Sul,2022-02-12
2022-01-30,202205,81,81.0,81,81.0,,,35774,430157.0,0.98173726,18.830334,0.45297822,PR,Paraná,Sul,2022-02-05
2022-01-23,202204,47,47.0,47,47.0,,,35774,430157.0,0.518401,10.926243,8.305991e-05,PR,Paraná,Sul,2022-01-29
2022-01-16,202203,91,91.0,91,91.0,,,35774,430157.0,1.2074893,21.155067,0.88806325,PR,Paraná,Sul,2022-01-22
2022-01-09,202202,104,104.0,104,104.0,,,35774,430157.0,2.3317893,24.17722,0.99999964,PR,Paraná,Sul,2022-01-15
2022-01-02,202201,96,96.0,96,96.0,,,35774,430157.0,3.5953043,22.317432,1.0,PR,Paraná,Sul,2022-01-08
2024-03-03,202410,5718,26268.0,13301,,,,230050,12200180.0,1.0286702,215.3083,0.9993516,SP,São Paulo,Sudeste,2024-03-09
2024-02-25,202409,19310,26340.0,22707,,,,230050,12200180.0,1.1388081,215.89845,1.0,SP,São Paulo,Sudeste,2024-03-02
2024-02-18,202408,23901,27044.0,25493,,,,230050,12200180.0,1.4280906,221.66885,1.0,SP,São Paulo,Sudeste,2024-02-24
2024-02-11,202407,22536,24090.0,23376,,,,230050,12200180.0,1.7690904,197.4561,1.0,SP,São Paulo,Sudeste,2024-02-17
2024-02-04,202406,18957,19687.5,19351,,,,230050,12200180.0,2.3080378,161.37057,1.0,SP,São Paulo,Sudeste,2024-02-10
2024-01-28,202405,13743,14029.5,13902,,,,230050,12200180.0,2.7323246,114.9942,1.0,SP,São Paulo,Sudeste,2024-02-03
2024-01-21,202404,6905,7010.0,6958,7091.0,,,230050,12200180.0,2.1141639,57.458168,1.0,SP,São Paulo,Sudeste,2024-01-27
2024-01-14,202403,4516,4553.0,4532,4586.0,,,230050,12200180.0,2.0704863,37.319122,1.0,SP,São Paulo,Sudeste,2024-01-20
2024-01-07,202402,3012,3026.0,3017,3044.0,,,230050,12200180.0,2.2212892,24.802914,1.0,SP,São Paulo,Sudeste,2024-01-13
2023-12-31,202401,2369,2373.0,2369,2382.0,,,230050,12200180.0,2.4705489,19.450533,1.0,SP,São Paulo,Sudeste,2024-01-06
2023-12-24,202352,934,934.0,934,934.0,,,230050,12200180.0,1.0381775,7.655625,0.7888096,SP,São Paulo,Sudeste,2023-12-30
2023-12-17,202351,815,815.0,815,815.0,,,230050,12200180.0,0.89599776,6.680229,0.01133061,SP,São Paulo,Sudeste,2023-12-23
2023-12-10,202350,938,938.0,938,938.0,,,230050,12200180.0,1.0728894,7.688411,0.9328588,SP,São Paulo,Sudeste,2023-12-16
2023-12-03,202349,928,928.0,928,928.0,,,230050,12200180.0,1.1601337,7.6064453,0.99897766,SP,São Paulo,Sudeste,2023-12-09
2023-11-26,202348,920,920.0,920,920.0,,,230050,12200180.0,1.2466111,7.5408726,0.9999962,SP,São Paulo,Sudeste,2023-12-02
2023-11-19,202347,789,789.0,789,789.0,,,230050,12200180.0,1.1159792,6.467118,0.9830441,SP,São Paulo,Sudeste,2023-11-25
2023-11-12,202346,699,699.0,699,699.0,,,230050,12200180.0,1.0063324,5.7294235,0.5469106,SP,São Paulo,Sudeste,2023-11-18
2023-11-05,202345,748,748.0,748,748.0,,,230050,12200180.0,1.0594059,6.1310573,0.8644114,SP,São Paulo,Sudeste,2023-11-11
2023-10-29,202344,632,632.0,632,632.0,,,230050,12200180.0,0.88486093,5.1802516,0.012457642,SP,São Paulo,Sudeste,2023-11-04
2023-10-22,202343,754,754.0,754,754.0,,,230050,12200180.0,1.0276631,6.180237,0.7006847,SP,São Paulo,Sudeste,2023-10-28
2023-10-15,202342,706,706.0,706,706.0,,,230050,12200180.0,0.93032354,5.7868,0.08347643,SP,São Paulo,Sudeste,2023-10-21
2023-10-08,202341,690,690.0,690,690.0,,,230050,12200180.0,0.9201071,5.6556544,0.057102546,SP,São Paulo,Sudeste,2023-10-14
2023-10-01,202340,849,849.0,849,849.0,,,230050,12200180.0,1.1809707,6.958914,0.99949616,SP,São Paulo,Sudeste,2023-10-07
2023-09-24,202339,702,702.0,702,702.0,,,230050,12200180.0,1.0641811,5.7540135,0.874472,SP,São Paulo,Sudeste,2023-09-30
2023-09-17,202338,783,783.0,783,783.0,,,230050,12200180.0,1.292316,6.417938,0.99999905,SP,São Paulo,Sudeste,2023-09-23
2023-09-10,202337,650,650.0,650,650.0,,,230050,12200180.0,1.1051311,5.3277903,0.9606467,SP,São Paulo,Sudeste,2023-09-16
2023-09-03,202336,571,571.0,571,571.0,,,230050,12200180.0,0.9695297,4.6802588,0.2990602,SP,São Paulo,Sudeste,2023-09-09
2023-08-27,202335,595,595.0,595,595.0,,,230050,12200180.0,1.0056288,4.8769774,0.5385225,SP,São Paulo,Sudeste,2023-09-02
2023-08-20,202334,590,590.0,590,590.0,,,230050,12200180.0,1.0014603,4.8359942,0.50999796,SP,São Paulo,Sudeste,2023-08-26
2023-08-13,202333,593,593.0,593,593.0,,,230050,12200180.0,1.037474,4.8605843,0.73496574,SP,São Paulo,Sudeste,2023-08-19
2023-08-06,202332,604,604.0,604,604.0,,,230050,12200180.0,1.0964884,4.9507465,0.9411934,SP,São Paulo,Sudeste,2023-08-12
2023-07-30,202331,586,586.0,586,586.0,,,230050,12200180.0,1.0357871,4.803208,0.7246857,SP,São Paulo,Sudeste,2023-08-05
2023-07-23,202330,530,530.0,530,530.0,,,230050,12200180.0,0.8342646,4.344198,0.001008868,SP,São Paulo,Sudeste,2023-07-29
2023-07-16,202329,528,528.0,528,528.0,,,230050,12200180.0,0.7070344,4.327805,4.0017634e-10,SP,São Paulo,Sudeste,2023-07-22
2023-07-09,202328,628,628.0,628,628.0,,,230050,12200180.0,0.7090092,5.147465,1.5405455e-11,SP,São Paulo,Sudeste,2023-07-15
2023-07-02,202327,726,726.0,726,726.0,,,230050,12200180.0,0.7073338,5.9507318,3.1175063e-13,SP,São Paulo,Sudeste,2023-07-08
2023-06-25,202326,887,887.0,887,887.0,,,230050,12200180.0,0.76390386,7.2703843,6.481611e-10,SP,São Paulo,Sudeste,2023-07-01
2023-06-18,202325,1052,1052.0,1052,1052.0,,,230050,12200180.0,0.77507114,8.622824,2.343723e-10,SP,São Paulo,Sudeste,2023-06-24
2023-06-11,202324,1148,1148.0,1148,1148.0,,,230050,12200180.0,0.6757216,9.409698,0.0,SP,São Paulo,Sudeste,2023-06-17
2023-06-04,202323,1252,1252.0,1252,1252.0,,,230050,12200180.0,0.5827013,10.262144,0.0,SP,São Paulo,Sudeste,2023-06-10
2023-05-28,202322,1625,1625.0,1625,1625.0,,,230050,12200180.0,0.63528496,13.319475,0.0,SP,São Paulo,Sudeste,2023-06-03
2023-05-21,202321,2181,2181.0,2181,2181.0,,,230050,12200180.0,0.7743586,17.876785,0.0,SP,São Paulo,Sudeste,2023-05-27
2023-05-14,202320,2684,2684.0,2684,2684.0,,,230050,12200180.0,0.93735576,21.999676,0.0080043515,SP,São Paulo,Sudeste,2023-05-20
2023-05-07,202319,2852,2852.0,2852,2852.0,,,230050,12200180.0,1.0425355,23.376705,0.9402462,SP,São Paulo,Sudeste,2023-05-13
2023-04-30,202318,3146,3146.0,3146,3146.0,,,230050,12200180.0,1.1665031,25.786505,1.0,SP,São Paulo,Sudeste,2023-05-06
2023-04-23,202317,2565,2565.0,2565,2565.0,,,230050,12200180.0,0.9356423,21.02428,0.0077086017,SP,São Paulo,Sudeste,2023-04-29
2023-04-16,202316,2573,2573.0,2573,2573.0,,,230050,12200180.0,0.95010835,21.089853,0.03148009,SP,São Paulo,Sudeste,2023-04-22
2023-04-09,202315,3017,3017.0,3017,3017.0,,,230050,12200180.0,1.1302992,24.729143,0.99999803,SP,São Paulo,Sudeste,2023-04-15
2023-04-02,202314,2544,2544.0,2544,2544.0,,,230050,12200180.0,0.994823,20.852152,0.42646763,SP,São Paulo,Sudeste,2023-04-08
2023-03-26,202313,2756,2756.0,2756,2756.0,,,230050,12200180.0,1.2041662,22.58983,1.0,SP,São Paulo,Sudeste,2023-04-01
2023-03-19,202312,2722,2722.0,2722,2722.0,,,230050,12200180.0,1.3857107,22.311146,1.0,SP,São Paulo,Sudeste,2023-03-25
2023-03-12,202311,2293,2293.0,2293,2293.0,,,230050,12200180.0,1.3722118,18.794806,1.0,SP,São Paulo,Sudeste,2023-03-18
2023-03-05,202310,1936,1936.0,1936,1936.0,,,230050,12200180.0,1.345746,15.868618,1.0,SP,São Paulo,Sudeste,2023-03-11
2023-02-26,202309,1703,1703.0,1703,1703.0,,,230050,12200180.0,1.2980292,13.958811,1.0,SP,São Paulo,Sudeste,2023-03-04
2023-02-19,202308,1335,1335.0,1335,1335.0,,,230050,12200180.0,1.0766646,10.942462,0.9695235,SP,São Paulo,Sudeste,2023-02-25
2023-02-12,202307,1294,1294.0,1294,1294.0,,,230050,12200180.0,1.1333454,10.6064005,0.99898696,SP,São Paulo,Sudeste,2023-02-18
2023-02-05,202306,1291,1291.0,1291,1291.0,,,230050,12200180.0,1.2677718,10.581811,1.0,SP,São Paulo,Sudeste,2023-02-11
2023-01-29,202305,1157,1157.0,1157,1157.0,,,230050,12325232.0,1.3055737,9.387247,1.0,SP,São Paulo,Sudeste,2023-02-04
2023-01-22,202304,1008,1008.0,1008,1008.0,,,230050,12325232.0,1.378222,8.178345,1.0,SP,São Paulo,Sudeste,2023-01-28
2023-01-15,202303,927,927.0,927,927.0,,,230050,12325232.0,1.75663,7.521157,1.0,SP,São Paulo,Sudeste,2023-01-21
2023-01-08,202302,720,720.0,720,720.0,,,230050,12325232.0,2.5183942,5.841675,1.0,SP,São Paulo,Sudeste,2023-01-14
2023-01-01,202301,640,640.0,640,640.0,,,230050,12325232.0,4.5955157,5.1926003,1.0,SP,São Paulo,Sudeste,2023-01-07
2022-12-25,202252,180,180.0,180,180.0,,,230050,12325232.0,1.2436646,1.4604187,0.9750892,SP,São Paulo,Sudeste,2022-12-31
2022-12-18,202251,38,38.0,38,38.0,,,230050,12325232.0,0.16499694,0.30831063,0.0,SP,São Paulo,Sudeste,2022-12-24
2022-12-11,202250,101,101.0,101,101.0,,,230050,12325232.0,0.35178253,0.8194572,0.0,SP,São Paulo,Sudeste,2022-12-17
2022-12-04,202249,278,278.0,278,278.0,,,230050,12325232.0,0.90273,2.2555356,0.10774338,SP,São Paulo,Sudeste,2022-12-10
2022-11-27,202248,321,321.0,321,321.0,,,230050,12325232.0,0.9868155,2.6044135,0.4329727,SP,São Paulo,Sudeste,2022-12-03
2022-11-20,202247,284,284.0,284,284.0,,,230050,12325232.0,0.8311519,2.3042161,0.01045296,SP,São Paulo,Sudeste,2022-11-26
2022-11-13,202246,353,353.0,353,353.0,,,230050,12325232.0,0.9354676,2.8640435,0.1836171,SP,São Paulo,Sudeste,2022-11-19
2022-11-06,202245,317,317.0,317,317.0,,,230050,12325232.0,0.7430635,2.5719597,2.7978851e-05,SP,São Paulo,Sudeste,2022-11-12
2022-10-30,202244,364,364.0,364,364.0,,,230050,12325232.0,0.79704416,2.9532912,0.0005965282,SP,São Paulo,Sudeste,2022-11-05
2022-10-23,202243,449,449.0,449,449.0,,,230050,12325232.0,1.0063875,3.6429334,0.537959,SP,São Paulo,Sudeste,2022-10-29
2022-10-16,202242,473,473.0,473,473.0,,,230050,12325232.0,1.195094,3.837656,0.9956377,SP,São Paulo,Sudeste,2022-10-22
2022-10-09,202241,482,482.0,482,482.0,,,230050,12325232.0,1.4108356,3.910677,0.9999995,SP,São Paulo,Sudeste,2022-10-15
2022-10-02,202240,401,401.0,401,401.0,,,230050,12325232.0,1.297509,3.2534885,0.9997273,SP,São Paulo,Sudeste,2022-10-08
2022-09-25,202239,308,308.0,308,308.0,,,230050,12325232.0,1.062438,2.4989388,0.7706014,SP,São Paulo,Sudeste,2022-10-01
2022-09-18,202238,332,332.0,332,332.0,,,230050,12325232.0,1.1695755,2.6936612,0.9739308,SP,São Paulo,Sudeste,2022-09-24
2022-09-11,202237,259,259.0,259,259.0,,,230050,12325232.0,0.9034335,2.1013803,0.11775733,SP,São Paulo,Sudeste,2022-09-17
2022-09-04,202236,307,307.0,307,307.0,,,230050,12325232.0,1.0075499,2.4908254,0.5370788,SP,São Paulo,Sudeste,2022-09-10
2022-08-28,202235,257,257.0,257,257.0,,,230050,12325232.0,0.7781691,2.0851533,0.0012256376,SP,São Paulo,Sudeste,2022-09-03
2022-08-21,202234,317,317.0,317,317.0,,,230050,12325232.0,0.8554152,2.5719597,0.020396363,SP,São Paulo,Sudeste,2022-08-27
2022-08-14,202233,326,326.0,326,326.0,,,230050,12325232.0,0.7594504,2.6449807,8.31819e-05,SP,São Paulo,Sudeste,2022-08-20
2022-08-07,202232,343,343.0,343,343.0,,,230050,12325232.0,0.6977658,2.7829092,1.2406225e-07,SP,São Paulo,Sudeste,2022-08-13
2022-07-31,202231,453,453.0,453,453.0,,,230050,12325232.0,0.80638087,3.6753871,0.000314077,SP,São Paulo,Sudeste,2022-08-06
2022-07-24,202230,473,473.0,473,473.0,,,230050,12325232.0,0.7388926,3.837656,2.567316e-07,SP,São Paulo,Sudeste,2022-07-30
2022-07-17,202229,566,566.0,566,566.0,,,230050,12325232.0,0.7726412,4.5922055,1.8303615e-06,SP,São Paulo,Sudeste,2022-07-23
2022-07-10,202228,639,639.0,639,639.0,,,230050,12325232.0,0.74937516,5.1844864,1.4749486e-08,SP,São Paulo,Sudeste,2022-07-16
2022-07-03,202227,715,715.0,715,715.0,,,230050,12325232.0,0.7202125,5.801108,8.027801e-12,SP,São Paulo,Sudeste,2022-07-09
2022-06-26,202226,834,834.0,834,834.0,,,230050,12325232.0,0.71240985,6.766607,2.3758773e-14,SP,São Paulo,Sudeste,2022-07-02
2022-06-19,202225,1026,1026.0,1026,1026.0,,,230050,12325232.0,0.7005546,8.324387,0.0,SP,São Paulo,Sudeste,2022-06-25
2022-06-12,202224,1070,1070.0,1070,1070.0,,,230050,12325232.0,0.57553285,8.681378,0.0,SP,São Paulo,Sudeste,2022-06-18
2022-06-05,202223,1398,1398.0,1398,1398.0,,,230050,12325232.0,0.6192594,11.342586,0.0,SP,São Paulo,Sudeste,2022-06-11
2022-05-29,202222,1881,1881.0,1881,1881.0,,,230050,12325232.0,0.69793403,15.261376,0.0,SP,São Paulo,Sudeste,2022-06-04
2022-05-22,202221,2336,2336.0,2336,2336.0,,,230050,12325232.0,0.7394135,18.95299,0.0,SP,São Paulo,Sudeste,2022-05-28
2022-05-15,202220,2433,2433.0,2433,2433.0,,,230050,12325232.0,0.73454666,19.739994,0.0,SP,São Paulo,Sudeste,2022-05-21
2022-05-08,202219,3522,3522.0,3522,3522.0,,,230050,12325232.0,1.154211,28.575527,1.0,SP,São Paulo,Sudeste,2022-05-14
2022-05-01,202218,3538,3538.0,3538,3538.0,,,230050,12325232.0,1.3860627,28.705341,1.0,SP,São Paulo,Sudeste,2022-05-07
2022-04-24,202217,3177,3177.0,3177,3177.0,,,230050,12325232.0,1.5644785,25.776392,1.0,SP,São Paulo,Sudeste,2022-04-30
2022-04-17,202216,2587,2587.0,2587,2587.0,,,230050,12325232.0,1.6088557,20.989464,1.0,SP,São Paulo,Sudeste,2022-04-23
2022-04-10,202215,1935,1935.0,1935,1935.0,,,230050,12325232.0,1.5276779,15.699502,1.0,SP,São Paulo,Sudeste,2022-04-16
2022-04-03,202214,1608,1608.0,1608,1608.0,,,230050,12325232.0,1.6356745,13.046408,1.0,SP,São Paulo,Sudeste,2022-04-09
2022-03-27,202213,1257,1257.0,1257,1257.0,,,230050,12325232.0,1.6289206,10.198591,1.0,SP,São Paulo,Sudeste,2022-04-02
2022-03-20,202212,946,946.0,946,946.0,,,230050,12325232.0,1.5216984,7.675312,1.0,SP,São Paulo,Sudeste,2022-03-26
2022-03-13,202211,738,738.0,738,738.0,,,230050,12325232.0,1.4933829,5.9877167,1.0,SP,São Paulo,Sudeste,2022-03-19
2022-03-06,202210,627,627.0,627,627.0,,,230050,12325232.0,1.6150618,5.0871253,1.0,SP,São Paulo,Sudeste,2022-03-12
2022-02-27,202209,504,504.0,504,504.0,,,230050,12325232.0,1.5248289,4.0891724,1.0,SP,São Paulo,Sudeste,2022-03-05
2022-02-20,202208,342,342.0,342,342.0,,,230050,12325232.0,1.1061354,2.7747955,0.9009618,SP,São Paulo,Sudeste,2022-02-26
2022-02-13,202207,322,322.0,322,322.0,,,230050,12325232.0,1.047984,2.612527,0.7217858,SP,São Paulo,Sudeste,2022-02-19
2022-02-06,202206,310,310.0,310,310.0,,,230050,12325232.0,0.9687546,2.5151656,0.345086,SP,São Paulo,Sudeste,2022-02-12
2022-01-30,202205,289,289.0,289,289.0,,,230050,12325232.0,0.90505505,2.3447835,0.109289005,SP,São Paulo,Sudeste,2022-02-05
2022-01-23,202204,325,325.0,325,325.0,,,230050,12325232.0,1.1250875,2.6368673,0.9278281,SP,São Paulo,Sudeste,2022-01-29
2022-01-16,202203,366,366.0,366,366.0,,,230050,12325232.0,1.5950388,2.9695182,1.0,SP,São Paulo,Sudeste,2022-01-22
2022-01-09,202202,253,253.0,253,253.0,,,230050,12325232.0,1.5847162,2.0526998,0.9999981,SP,São Paulo,Sudeste,2022-01-15
2022-01-02,202201,327,327.0,327,327.0,,,230050,12325232.0,1.8342912,2.653094,1.0,SP,São Paulo,Sudeste,2022-01-08
