"","data.pct_covid","data.covid_se","data.pct_covid_unw","data.covid_se_unw","data.sample_size","data.country","data.iso_code","data.gid_0","data.survey_date","status"
"1",0.015427,0.007452,0.014235,0.004997,562,"Brazil","BRA","BRA","20200423","success"
"2",0.021919,0.0017,0.018005,0.001013,17217,"Brazil","BRA","BRA","20200424","success"
"3",0.018925,0.001586,0.01913,0.001304,11030,"Brazil","BRA","BRA","20200425","success"
"4",0.022683,0.001957,0.019769,0.001317,11179,"Brazil","BRA","BRA","20200426","success"
"5",0.020361,0.001866,0.01772,0.001227,11569,"Brazil","BRA","BRA","20200427","success"
"6",0.02228,0.001739,0.020539,0.001263,12610,"Brazil","BRA","BRA","20200428","success"
"7",0.02072,0.001596,0.018801,0.001207,12659,"Brazil","BRA","BRA","20200429","success"
"8",0.023123,0.00625,0.020683,0.004577,967,"Brazil","BRA","BRA","20200430","success"
"9",0.023951,0.00198,0.02069,0.001319,11648,"Brazil","BRA","BRA","20200501","success"
"10",0.022537,0.002184,0.019956,0.001397,10022,"Brazil","BRA","BRA","20200502","success"
"11",0.024464,0.001682,0.023596,0.001266,14367,"Brazil","BRA","BRA","20200503","success"
"12",0.022459,0.001563,0.02255,0.001154,16541,"Brazil","BRA","BRA","20200504","success"
"13",0.023951,0.001583,0.024355,0.001203,16424,"Brazil","BRA","BRA","20200505","success"
"14",0.022727,0.001527,0.022823,0.001157,16650,"Brazil","BRA","BRA","20200506","success"
"15",0.019895,0.001458,0.020815,0.001092,17103,"Brazil","BRA","BRA","20200507","success"
"16",0.020951,0.001335,0.022243,0.001133,16949,"Brazil","BRA","BRA","20200508","success"
"17",0.022238,0.001539,0.022955,0.001164,16554,"Brazil","BRA","BRA","20200509","success"
"18",0.020832,0.001413,0.021277,0.001132,16262,"Brazil","BRA","BRA","20200510","success"
"19",0.022651,0.001593,0.022737,0.001144,16977,"Brazil","BRA","BRA","20200511","success"
"20",0.023168,0.001563,0.023261,0.001176,16422,"Brazil","BRA","BRA","20200512","success"
"21",0.020893,0.001626,0.020845,0.001199,14200,"Brazil","BRA","BRA","20200513","success"
"22",0.018125,0.00136,0.02102,0.001183,14700,"Brazil","BRA","BRA","20200514","success"
"23",0.021468,0.001444,0.022977,0.001165,16538,"Brazil","BRA","BRA","20200515","success"
"24",0.020247,0.001276,0.022178,0.001113,17495,"Brazil","BRA","BRA","20200516","success"
"25",0.021424,0.001436,0.022677,0.001109,18036,"Brazil","BRA","BRA","20200517","success"
"26",0.020591,0.001325,0.021684,0.001059,18908,"Brazil","BRA","BRA","20200518","success"
"27",0.021815,0.001518,0.023079,0.001116,18112,"Brazil","BRA","BRA","20200519","success"
"28",0.020371,0.001491,0.020935,0.001162,15190,"Brazil","BRA","BRA","20200520","success"
"29",0.019714,0.001549,0.021601,0.001236,13842,"Brazil","BRA","BRA","20200521","success"
"30",0.022176,0.001764,0.021067,0.001144,15759,"Brazil","BRA","BRA","20200522","success"
"31",0.021892,0.001572,0.021555,0.001118,16887,"Brazil","BRA","BRA","20200523","success"
"32",0.02035,0.001421,0.020306,0.001062,17630,"Brazil","BRA","BRA","20200524","success"
"33",0.019145,0.001322,0.02116,0.001078,17817,"Brazil","BRA","BRA","20200525","success"
"34",0.017469,0.001253,0.020842,0.001071,17801,"Brazil","BRA","BRA","20200526","success"
"35",0.019684,0.001406,0.021528,0.001097,17512,"Brazil","BRA","BRA","20200527","success"
"36",0.023047,0.001481,0.024669,0.001192,16944,"Brazil","BRA","BRA","20200528","success"
"37",0.019712,0.0014,0.021876,0.001143,16365,"Brazil","BRA","BRA","20200529","success"
"38",0.018132,0.001352,0.020867,0.00111,16581,"Brazil","BRA","BRA","20200530","success"
"39",0.021287,0.001406,0.022613,0.001112,17866,"Brazil","BRA","BRA","20200531","success"
"40",0.018838,0.001609,0.021783,0.001261,13405,"Brazil","BRA","BRA","20200601","success"
"41",0.021525,0.001457,0.023252,0.00114,17461,"Brazil","BRA","BRA","20200602","success"
"42",0.022485,0.001644,0.022777,0.001166,16376,"Brazil","BRA","BRA","20200603","success"
"43",0.018278,0.001525,0.019794,0.001106,15863,"Brazil","BRA","BRA","20200604","success"
"44",0.0194,0.001556,0.020947,0.001162,15181,"Brazil","BRA","BRA","20200605","success"
"45",0.022234,0.001644,0.02322,0.001206,15590,"Brazil","BRA","BRA","20200606","success"
"46",0.017809,0.001244,0.020793,0.001113,16448,"Brazil","BRA","BRA","20200607","success"
"47",0.019723,0.001542,0.019794,0.001079,16672,"Brazil","BRA","BRA","20200608","success"
"48",0.018878,0.001306,0.021044,0.001121,16394,"Brazil","BRA","BRA","20200609","success"
"49",0.021846,0.001662,0.022289,0.001178,15703,"Brazil","BRA","BRA","20200610","success"
"50",0.020307,0.001521,0.022392,0.001151,16524,"Brazil","BRA","BRA","20200611","success"
"51",0.018083,0.001139,0.02029,0.001024,18975,"Brazil","BRA","BRA","20200612","success"
"52",0.018765,0.001211,0.021246,0.001047,18968,"Brazil","BRA","BRA","20200613","success"
"53",0.021294,0.00138,0.023255,0.001127,17889,"Brazil","BRA","BRA","20200614","success"
"54",0.020238,0.001379,0.022473,0.001144,16776,"Brazil","BRA","BRA","20200615","success"
"55",0.02142,0.001639,0.022314,0.001237,14251,"Brazil","BRA","BRA","20200616","success"
"56",0.018178,0.001362,0.020037,0.001163,14523,"Brazil","BRA","BRA","20200617","success"
"57",0.018245,0.001341,0.021592,0.001239,13755,"Brazil","BRA","BRA","20200618","success"
"58",0.018073,0.001434,0.020512,0.001224,13407,"Brazil","BRA","BRA","20200619","success"
"59",0.01847,0.001357,0.02199,0.001235,14097,"Brazil","BRA","BRA","20200620","success"
"60",0.018512,0.001349,0.021697,0.001192,14933,"Brazil","BRA","BRA","20200621","success"
"61",0.023772,0.001702,0.024251,0.00124,15381,"Brazil","BRA","BRA","20200622","success"
"62",0.023366,0.00167,0.024275,0.001228,15695,"Brazil","BRA","BRA","20200623","success"
"63",0.022826,0.001513,0.025547,0.001252,15892,"Brazil","BRA","BRA","20200624","success"
"64",0.019557,0.00153,0.02234,0.001201,15130,"Brazil","BRA","BRA","20200625","success"
"65",0.020159,0.001502,0.022871,0.001252,14254,"Brazil","BRA","BRA","20200626","success"
"66",0.01978,0.001445,0.021536,0.001204,14534,"Brazil","BRA","BRA","20200627","success"
"67",0.020317,0.001895,0.020426,0.001148,15177,"Brazil","BRA","BRA","20200628","success"
"68",0.018369,0.001372,0.019578,0.001096,15987,"Brazil","BRA","BRA","20200629","success"
"69",0.017973,0.001329,0.021421,0.001181,15032,"Brazil","BRA","BRA","20200630","success"
"70",0.02032,0.001487,0.023325,0.001254,14491,"Brazil","BRA","BRA","20200701","success"
"71",0.019899,0.001635,0.020579,0.001263,12634,"Brazil","BRA","BRA","20200702","success"
"72",0.020548,0.001571,0.022488,0.001324,12540,"Brazil","BRA","BRA","20200703","success"
"73",0.020049,0.0015,0.021835,0.001264,13373,"Brazil","BRA","BRA","20200704","success"
"74",0.017026,0.001353,0.018961,0.001145,14187,"Brazil","BRA","BRA","20200705","success"
"75",0.018386,0.001374,0.02022,0.00115,14985,"Brazil","BRA","BRA","20200706","success"
"76",0.02045,0.001564,0.021457,0.001174,15240,"Brazil","BRA","BRA","20200707","success"
"77",0.019577,0.00147,0.021014,0.001187,14609,"Brazil","BRA","BRA","20200708","success"
"78",0.017736,0.001446,0.019721,0.001195,13539,"Brazil","BRA","BRA","20200709","success"
"79",0.018883,0.001624,0.020122,0.001195,13816,"Brazil","BRA","BRA","20200710","success"
"80",0.021916,0.001718,0.021764,0.001262,13371,"Brazil","BRA","BRA","20200711","success"
"81",0.018553,0.001404,0.02011,0.001192,13874,"Brazil","BRA","BRA","20200712","success"
"82",0.020665,0.001684,0.020044,0.001161,14568,"Brazil","BRA","BRA","20200713","success"
"83",0.020599,0.001566,0.021995,0.00121,14685,"Brazil","BRA","BRA","20200714","success"
"84",0.019472,0.001452,0.020616,0.001186,14358,"Brazil","BRA","BRA","20200715","success"
"85",0.021105,0.001617,0.022102,0.001258,13664,"Brazil","BRA","BRA","20200716","success"
"86",0.017878,0.001396,0.020679,0.001262,12718,"Brazil","BRA","BRA","20200717","success"
"87",0.022064,0.001734,0.022076,0.001256,13680,"Brazil","BRA","BRA","20200718","success"
"88",0.02,0.001635,0.02022,0.001179,14243,"Brazil","BRA","BRA","20200719","success"
"89",0.017984,0.001393,0.018443,0.001102,14911,"Brazil","BRA","BRA","20200720","success"
"90",0.018084,0.001334,0.019798,0.001139,14951,"Brazil","BRA","BRA","20200721","success"
"91",0.020296,0.001453,0.021261,0.00117,15192,"Brazil","BRA","BRA","20200722","success"
"92",0.018485,0.001462,0.020167,0.001213,13438,"Brazil","BRA","BRA","20200723","success"
"93",0.020183,0.001487,0.021069,0.001253,13147,"Brazil","BRA","BRA","20200724","success"
"94",0.022981,0.001769,0.022053,0.001268,13422,"Brazil","BRA","BRA","20200725","success"
"95",0.019184,0.001391,0.021207,0.001213,14099,"Brazil","BRA","BRA","20200726","success"
"96",0.01958,0.001406,0.020625,0.001156,15127,"Brazil","BRA","BRA","20200727","success"
"97",0.018598,0.001343,0.01951,0.001112,15479,"Brazil","BRA","BRA","20200728","success"
"98",0.018641,0.001542,0.019485,0.001129,14986,"Brazil","BRA","BRA","20200729","success"
"99",0.018692,0.001401,0.01952,0.00117,13986,"Brazil","BRA","BRA","20200730","success"
"100",0.019867,0.001846,0.020619,0.001237,13192,"Brazil","BRA","BRA","20200731","success"
"101",0.019634,0.001515,0.020782,0.001275,12511,"Brazil","BRA","BRA","20200801","success"
"102",0.017194,0.00129,0.019232,0.001177,13623,"Brazil","BRA","BRA","20200802","success"
"103",0.019249,0.00149,0.018995,0.001162,13793,"Brazil","BRA","BRA","20200803","success"
"104",0.01853,0.001493,0.020067,0.001209,13455,"Brazil","BRA","BRA","20200804","success"
"105",0.018172,0.001417,0.019092,0.001194,13147,"Brazil","BRA","BRA","20200805","success"
"106",0.022774,0.002309,0.021903,0.001318,12327,"Brazil","BRA","BRA","20200806","success"
"107",0.02093,0.001599,0.022315,0.001363,11741,"Brazil","BRA","BRA","20200807","success"
"108",0.018717,0.001509,0.020494,0.00134,11174,"Brazil","BRA","BRA","20200808","success"
"109",0.017496,0.001562,0.01724,0.001205,11659,"Brazil","BRA","BRA","20200809","success"
"110",0.017035,0.001256,0.019268,0.001183,13494,"Brazil","BRA","BRA","20200810","success"
"111",0.020457,0.001554,0.021202,0.001254,13206,"Brazil","BRA","BRA","20200811","success"
"112",0.022245,0.002102,0.019266,0.001253,12042,"Brazil","BRA","BRA","20200812","success"
"113",0.018473,0.001637,0.019417,0.001308,11124,"Brazil","BRA","BRA","20200813","success"
"114",0.019738,0.001661,0.020937,0.001426,10078,"Brazil","BRA","BRA","20200814","success"
"115",0.019116,0.001783,0.019244,0.001493,8470,"Brazil","BRA","BRA","20200815","success"
"116",0.016272,0.001578,0.017293,0.001368,9079,"Brazil","BRA","BRA","20200816","success"
"117",0.018606,0.001735,0.019114,0.001377,9888,"Brazil","BRA","BRA","20200817","success"
"118",0.020397,0.001881,0.019835,0.001417,9680,"Brazil","BRA","BRA","20200818","success"
"119",0.019595,0.001793,0.019112,0.001392,9680,"Brazil","BRA","BRA","20200819","success"
"120",0.018407,0.001779,0.016995,0.001345,9238,"Brazil","BRA","BRA","20200820","success"
"121",0.018584,0.002063,0.017425,0.001379,9010,"Brazil","BRA","BRA","20200821","success"
"122",0.017288,0.00176,0.01781,0.001387,9096,"Brazil","BRA","BRA","20200822","success"
"123",0.016323,0.001661,0.015569,0.001257,9699,"Brazil","BRA","BRA","20200823","success"
"124",0.014692,0.001434,0.015572,0.001237,10018,"Brazil","BRA","BRA","20200824","success"
"125",0.015502,0.001515,0.016134,0.001261,9979,"Brazil","BRA","BRA","20200825","success"
"126",0.017951,0.001776,0.016796,0.001309,9645,"Brazil","BRA","BRA","20200826","success"
"127",0.017815,0.00171,0.017136,0.001343,9337,"Brazil","BRA","BRA","20200827","success"
"128",0.017796,0.001759,0.018698,0.001464,8557,"Brazil","BRA","BRA","20200828","success"
"129",0.014787,0.002293,0.014264,0.001277,8623,"Brazil","BRA","BRA","20200829","success"
"130",0.018123,0.001812,0.016687,0.001333,9229,"Brazil","BRA","BRA","20200830","success"
"131",0.014969,0.001514,0.015525,0.001266,9533,"Brazil","BRA","BRA","20200831","success"
"132",0.017713,0.001898,0.016836,0.001337,9266,"Brazil","BRA","BRA","20200901","success"
"133",0.015424,0.001517,0.016356,0.001316,9293,"Brazil","BRA","BRA","20200902","success"
"134",0.019736,0.001953,0.01889,0.00147,8576,"Brazil","BRA","BRA","20200903","success"
"135",0.019639,0.002259,0.017169,0.001465,7863,"Brazil","BRA","BRA","20200904","success"
"136",0.016524,0.001828,0.015877,0.001398,7999,"Brazil","BRA","BRA","20200905","success"
"137",0.015845,0.001688,0.014516,0.001321,8198,"Brazil","BRA","BRA","20200906","success"
"138",0.014687,0.001495,0.014669,0.001235,9476,"Brazil","BRA","BRA","20200907","success"
"139",0.015698,0.00167,0.015702,0.001272,9553,"Brazil","BRA","BRA","20200908","success"
"140",0.01619,0.001905,0.014907,0.001269,9123,"Brazil","BRA","BRA","20200909","success"
"141",0.015871,0.001617,0.015279,0.001315,8705,"Brazil","BRA","BRA","20200910","success"
"142",0.011485,0.001455,0.011397,0.001208,7721,"Brazil","BRA","BRA","20200911","success"
"143",0.015075,0.001613,0.015539,0.001419,7594,"Brazil","BRA","BRA","20200912","success"
"144",0.01707,0.001898,0.014907,0.001329,8318,"Brazil","BRA","BRA","20200913","success"
"145",0.017756,0.001701,0.017173,0.001385,8793,"Brazil","BRA","BRA","20200914","success"
"146",0.01484,0.001937,0.013124,0.001232,8534,"Brazil","BRA","BRA","20200915","success"
"147",0.013558,0.001479,0.014112,0.001274,8574,"Brazil","BRA","BRA","20200916","success"
"148",0.01968,0.001973,0.020033,0.001583,7837,"Brazil","BRA","BRA","20200917","success"
"149",0.015175,0.001777,0.01491,0.001392,7579,"Brazil","BRA","BRA","20200918","success"
"150",0.01509,0.001779,0.014566,0.001385,7483,"Brazil","BRA","BRA","20200919","success"
"151",0.015021,0.001591,0.014019,0.001094,11556,"Brazil","BRA","BRA","20200920","success"
"152",0.015988,0.001604,0.013652,0.001034,12599,"Brazil","BRA","BRA","20200921","success"
"153",0.016417,0.001568,0.013655,0.001034,12596,"Brazil","BRA","BRA","20200922","success"
"154",0.013791,0.001363,0.012499,0.000998,12401,"Brazil","BRA","BRA","20200923","success"
"155",0.018272,0.001872,0.013869,0.001075,11825,"Brazil","BRA","BRA","20200924","success"
"156",0.013289,0.001365,0.012941,0.001064,11282,"Brazil","BRA","BRA","20200925","success"
"157",0.012922,0.001458,0.012131,0.001026,11376,"Brazil","BRA","BRA","20200926","success"
"158",0.014488,0.001537,0.01198,0.000992,12020,"Brazil","BRA","BRA","20200927","success"
"159",0.015085,0.001673,0.012937,0.001007,12600,"Brazil","BRA","BRA","20200928","success"
"160",0.012958,0.001323,0.011972,0.000975,12446,"Brazil","BRA","BRA","20200929","success"
"161",0.015355,0.001564,0.012666,0.001017,12080,"Brazil","BRA","BRA","20200930","success"
"162",0.015059,0.001834,0.012656,0.001078,10746,"Brazil","BRA","BRA","20201001","success"
"163",0.015362,0.001747,0.013684,0.001149,10231,"Brazil","BRA","BRA","20201002","success"
"164",0.017624,0.002077,0.013012,0.001081,10990,"Brazil","BRA","BRA","20201003","success"
"165",0.014689,0.00175,0.010685,0.000947,11792,"Brazil","BRA","BRA","20201004","success"
"166",0.015545,0.001829,0.012253,0.001015,11752,"Brazil","BRA","BRA","20201005","success"
"167",0.013332,0.00146,0.011531,0.000979,11881,"Brazil","BRA","BRA","20201006","success"
"168",0.01322,0.001391,0.01167,0.000999,11568,"Brazil","BRA","BRA","20201007","success"
"169",0.014837,0.001838,0.011193,0.00102,10632,"Brazil","BRA","BRA","20201008","success"
"170",0.012752,0.00155,0.01134,0.00109,9436,"Brazil","BRA","BRA","20201009","success"
"171",0.016424,0.001943,0.013276,0.001246,8436,"Brazil","BRA","BRA","20201010","success"
"172",0.014168,0.002503,0.011797,0.001161,8646,"Brazil","BRA","BRA","20201011","success"
"173",0.013014,0.001602,0.010982,0.001098,9015,"Brazil","BRA","BRA","20201012","success"
"174",0.015197,0.001918,0.012435,0.001097,10213,"Brazil","BRA","BRA","20201013","success"
"175",0.017955,0.001908,0.014741,0.001224,9701,"Brazil","BRA","BRA","20201014","success"
"176",0.015362,0.001666,0.014628,0.001227,9571,"Brazil","BRA","BRA","20201015","success"
"177",0.01466,0.001814,0.012987,0.001236,8393,"Brazil","BRA","BRA","20201016","success"
"178",0.014494,0.001864,0.013153,0.001275,7983,"Brazil","BRA","BRA","20201017","success"
"179",0.014837,0.001791,0.013086,0.001251,8253,"Brazil","BRA","BRA","20201018","success"
"180",0.01556,0.001992,0.012083,0.001166,8773,"Brazil","BRA","BRA","20201019","success"
"181",0.016203,0.001945,0.014234,0.001301,8290,"Brazil","BRA","BRA","20201020","success"
"182",0.017825,0.001995,0.016161,0.001401,8106,"Brazil","BRA","BRA","20201021","success"
"183",0.018394,0.002207,0.016062,0.001414,7907,"Brazil","BRA","BRA","20201022","success"
"184",0.020845,0.002575,0.015823,0.001457,7331,"Brazil","BRA","BRA","20201023","success"
"185",0.015719,0.002083,0.013381,0.00135,7249,"Brazil","BRA","BRA","20201024","success"
"186",0.011947,0.001603,0.011942,0.001258,7453,"Brazil","BRA","BRA","20201025","success"
"187",0.017571,0.003463,0.013309,0.001833,3907,"Brazil","BRA","BRA","20201026","success"
"188",0.01634,0.001911,0.015029,0.001289,8916,"Brazil","BRA","BRA","20201027","success"
"189",0.013717,0.001631,0.013655,0.001218,9081,"Brazil","BRA","BRA","20201028","success"
"190",0.015025,0.002057,0.013585,0.001349,7361,"Brazil","BRA","BRA","20201029","success"
"191",0.017352,0.00206,0.015145,0.001433,7263,"Brazil","BRA","BRA","20201030","success"
"192",0.016059,0.002875,0.013118,0.001337,7242,"Brazil","BRA","BRA","20201031","success"
"193",0.018457,0.002156,0.014128,0.001369,7432,"Brazil","BRA","BRA","20201101","success"
"194",0.016946,0.002011,0.01386,0.001301,8081,"Brazil","BRA","BRA","20201102","success"
"195",0.018594,0.002368,0.014614,0.00133,8143,"Brazil","BRA","BRA","20201103","success"
"196",0.019548,0.002499,0.017279,0.001526,7292,"Brazil","BRA","BRA","20201104","success"
"197",0.017012,0.001855,0.017676,0.001573,7015,"Brazil","BRA","BRA","20201105","success"
"198",0.024429,0.002744,0.020241,0.001785,6225,"Brazil","BRA","BRA","20201106","success"
"199",0.016942,0.002118,0.016498,0.001653,5940,"Brazil","BRA","BRA","20201107","success"
"200",0.017163,0.002105,0.01722,0.001635,6330,"Brazil","BRA","BRA","20201108","success"
"201",0.021238,0.002172,0.020355,0.001703,6878,"Brazil","BRA","BRA","20201109","success"
"202",0.023036,0.002379,0.020562,0.00169,7052,"Brazil","BRA","BRA","20201110","success"
"203",0.020257,0.002569,0.018279,0.001633,6729,"Brazil","BRA","BRA","20201111","success"
"204",0.019928,0.002314,0.019942,0.001773,6218,"Brazil","BRA","BRA","20201112","success"
"205",0.0203,0.002808,0.018682,0.001797,5674,"Brazil","BRA","BRA","20201113","success"
"206",0.018956,0.002454,0.017223,0.001716,5748,"Brazil","BRA","BRA","20201114","success"
"207",0.018158,0.002271,0.018537,0.001759,5880,"Brazil","BRA","BRA","20201115","success"
"208",0.018921,0.002373,0.018452,0.00181,5528,"Brazil","BRA","BRA","20201116","success"
"209",0.02077,0.002756,0.018741,0.001739,6083,"Brazil","BRA","BRA","20201117","success"
"210",0.022348,0.002122,0.021711,0.001511,9304,"Brazil","BRA","BRA","20201118","success"
"211",0.020242,0.001764,0.021281,0.001481,9492,"Brazil","BRA","BRA","20201119","success"
"212",0.023561,0.001807,0.025405,0.001564,10116,"Brazil","BRA","BRA","20201120","success"
"213",0.020702,0.001662,0.022606,0.001493,9909,"Brazil","BRA","BRA","20201121","success"
"214",0.022674,0.002296,0.020261,0.001381,10414,"Brazil","BRA","BRA","20201122","success"
"215",0.023117,0.001985,0.021484,0.001383,10985,"Brazil","BRA","BRA","20201123","success"
"216",0.018518,0.001401,0.019992,0.001235,12855,"Brazil","BRA","BRA","20201124","success"
"217",0.022554,0.001662,0.02143,0.001288,12646,"Brazil","BRA","BRA","20201125","success"
"218",0.02974,0.002884,0.027069,0.001547,11009,"Brazil","BRA","BRA","20201126","success"
"219",0.023143,0.001874,0.023336,0.001462,10670,"Brazil","BRA","BRA","20201127","success"
"220",0.021135,0.001693,0.019687,0.001291,11581,"Brazil","BRA","BRA","20201128","success"
"221",0.023364,0.001954,0.02181,0.001353,11646,"Brazil","BRA","BRA","20201129","success"
"222",0.019839,0.001626,0.01867,0.001196,12801,"Brazil","BRA","BRA","20201130","success"
"223",0.021221,0.001617,0.021695,0.001258,13413,"Brazil","BRA","BRA","20201201","success"
"224",0.024302,0.001788,0.022578,0.0013,13066,"Brazil","BRA","BRA","20201202","success"
"225",0.021629,0.001636,0.022357,0.001289,13150,"Brazil","BRA","BRA","20201203","success"
"226",0.025596,0.002225,0.023343,0.001336,12766,"Brazil","BRA","BRA","20201204","success"
"227",0.024229,0.001719,0.024244,0.001356,12869,"Brazil","BRA","BRA","20201205","success"
"228",0.021144,0.001653,0.020218,0.001188,14047,"Brazil","BRA","BRA","20201206","success"
"229",0.023163,0.001835,0.020859,0.001223,13663,"Brazil","BRA","BRA","20201207","success"
"230",0.021984,0.001754,0.020322,0.001202,13778,"Brazil","BRA","BRA","20201208","success"
"231",0.022174,0.001613,0.021012,0.001208,14087,"Brazil","BRA","BRA","20201209","success"
"232",0.020222,0.00156,0.019619,0.001189,13609,"Brazil","BRA","BRA","20201210","success"
"233",0.019252,0.001498,0.019482,0.001215,12935,"Brazil","BRA","BRA","20201211","success"
"234",0.021473,0.001715,0.019107,0.001221,12561,"Brazil","BRA","BRA","20201212","success"
"235",0.022648,0.001687,0.019919,0.001207,13404,"Brazil","BRA","BRA","20201213","success"
"236",0.019094,0.001264,0.018056,0.000947,19772,"Brazil","BRA","BRA","20201214","success"
"237",0.02246,0.001514,0.020008,0.001019,18892,"Brazil","BRA","BRA","20201215","success"
"238",0.019388,0.001367,0.01896,0.001074,16139,"Brazil","BRA","BRA","20201216","success"
"239",0.02137,0.001628,0.019516,0.001129,15013,"Brazil","BRA","BRA","20201217","success"
"240",0.018695,0.001421,0.017394,0.001106,13970,"Brazil","BRA","BRA","20201218","success"
"241",0.018699,0.001607,0.017269,0.001131,13261,"Brazil","BRA","BRA","20201219","success"
"242",0.016457,0.00132,0.015941,0.001025,14930,"Brazil","BRA","BRA","20201220","success"
"243",0.01768,0.001388,0.016307,0.00104,14840,"Brazil","BRA","BRA","20201221","success"
"244",0.018058,0.001914,0.01704,0.001038,15552,"Brazil","BRA","BRA","20201222","success"
"245",0.020473,0.00183,0.017821,0.001091,14702,"Brazil","BRA","BRA","20201223","success"
"246",0.025178,0.002203,0.020257,0.001292,11897,"Brazil","BRA","BRA","20201224","success"
"247",0.020333,0.001599,0.019227,0.001174,13679,"Brazil","BRA","BRA","20201225","success"
"248",0.016655,0.001312,0.015283,0.000961,16293,"Brazil","BRA","BRA","20201226","success"
"249",0.017363,0.001279,0.01577,0.00094,17565,"Brazil","BRA","BRA","20201227","success"
"250",0.022103,0.001708,0.019784,0.001056,17388,"Brazil","BRA","BRA","20201228","success"
"251",0.022426,0.001943,0.019784,0.001078,16680,"Brazil","BRA","BRA","20201229","success"
"252",0.020727,0.001559,0.018929,0.001095,15479,"Brazil","BRA","BRA","20201230","success"
"253",0.02393,0.001962,0.02068,0.00126,12766,"Brazil","BRA","BRA","20201231","success"
"254",0.021001,0.001857,0.018163,0.00112,14205,"Brazil","BRA","BRA","20210101","success"
"255",0.020074,0.001761,0.019145,0.001052,16976,"Brazil","BRA","BRA","20210102","success"
"256",0.021758,0.001602,0.019202,0.001021,18071,"Brazil","BRA","BRA","20210103","success"
"257",0.022786,0.001531,0.019658,0.001023,18415,"Brazil","BRA","BRA","20210104","success"
"258",0.020833,0.001445,0.020217,0.001049,18005,"Brazil","BRA","BRA","20210105","success"
"259",0.02173,0.001446,0.020801,0.001089,17163,"Brazil","BRA","BRA","20210106","success"
"260",0.023098,0.001686,0.021583,0.001119,16865,"Brazil","BRA","BRA","20210107","success"
"261",0.024577,0.00193,0.022104,0.001141,16603,"Brazil","BRA","BRA","20210108","success"
"262",0.021568,0.001443,0.021656,0.001145,16162,"Brazil","BRA","BRA","20210109","success"
"263",0.020014,0.001407,0.01999,0.001089,16508,"Brazil","BRA","BRA","20210110","success"
"264",0.020096,0.001596,0.01812,0.001023,16998,"Brazil","BRA","BRA","20210111","success"
"265",0.021694,0.001598,0.019265,0.001062,16766,"Brazil","BRA","BRA","20210112","success"
"266",0.020569,0.001381,0.020483,0.001108,16355,"Brazil","BRA","BRA","20210113","success"
"267",0.022733,0.002299,0.01972,0.00108,16582,"Brazil","BRA","BRA","20210114","success"
"268",0.020783,0.001482,0.02031,0.001082,16987,"Brazil","BRA","BRA","20210115","success"
"269",0.018486,0.001275,0.019826,0.001099,16090,"Brazil","BRA","BRA","20210116","success"
"270",0.018414,0.001389,0.018582,0.001039,16898,"Brazil","BRA","BRA","20210117","success"
"271",0.020652,0.001573,0.020179,0.001071,17246,"Brazil","BRA","BRA","20210118","success"
"272",0.018274,0.001345,0.017572,0.001025,16447,"Brazil","BRA","BRA","20210119","success"
"273",0.018683,0.001352,0.018308,0.001056,16113,"Brazil","BRA","BRA","20210120","success"
"274",0.020956,0.001593,0.0197,0.001138,14924,"Brazil","BRA","BRA","20210121","success"
"275",0.021592,0.001676,0.020232,0.001203,13691,"Brazil","BRA","BRA","20210122","success"
"276",0.018582,0.001356,0.019748,0.00119,13672,"Brazil","BRA","BRA","20210123","success"
"277",0.017849,0.001354,0.017784,0.001108,14226,"Brazil","BRA","BRA","20210124","success"
"278",0.021252,0.001643,0.018829,0.001111,14977,"Brazil","BRA","BRA","20210125","success"
"279",0.020165,0.001625,0.018205,0.001117,14337,"Brazil","BRA","BRA","20210126","success"
"280",0.017904,0.001421,0.01717,0.001085,14327,"Brazil","BRA","BRA","20210127","success"
"281",0.018013,0.001399,0.018446,0.001182,12957,"Brazil","BRA","BRA","20210128","success"
"282",0.021262,0.00181,0.018322,0.001262,11298,"Brazil","BRA","BRA","20210129","success"
"283",0.021772,0.001807,0.020383,0.001313,11578,"Brazil","BRA","BRA","20210130","success"
"284",0.016606,0.001482,0.016193,0.001147,12104,"Brazil","BRA","BRA","20210131","success"
"285",0.015563,0.001981,0.014264,0.001188,9955,"Brazil","BRA","BRA","20210201","success"
"286",0.02045,0.002071,0.019001,0.001532,7947,"Brazil","BRA","BRA","20210202","success"
"287",0.018472,0.0015,0.016646,0.001096,13637,"Brazil","BRA","BRA","20210203","success"
"288",0.019021,0.001635,0.017969,0.001241,11464,"Brazil","BRA","BRA","20210204","success"
"289",0.023281,0.002218,0.019986,0.001392,10107,"Brazil","BRA","BRA","20210205","success"
"290",0.02266,0.001924,0.02125,0.001417,10353,"Brazil","BRA","BRA","20210206","success"
"291",0.01844,0.001707,0.017393,0.001292,10234,"Brazil","BRA","BRA","20210207","success"
"292",0.023032,0.001908,0.021063,0.001392,10635,"Brazil","BRA","BRA","20210208","success"
"293",0.020044,0.001799,0.018397,0.001319,10382,"Brazil","BRA","BRA","20210209","success"
"294",0.021187,0.001875,0.019794,0.001393,10003,"Brazil","BRA","BRA","20210210","success"
"295",0.019095,0.001923,0.018426,0.001357,9823,"Brazil","BRA","BRA","20210211","success"
"296",0.019669,0.001552,0.018521,0.001158,13552,"Brazil","BRA","BRA","20210212","success"
"297",0.018547,0.001539,0.017516,0.001179,12389,"Brazil","BRA","BRA","20210213","success"
"298",0.02157,0.001782,0.020082,0.001328,11154,"Brazil","BRA","BRA","20210214","success"
"299",0.016917,0.001333,0.017929,0.00119,12438,"Brazil","BRA","BRA","20210215","success"
"300",0.017808,0.001479,0.017263,0.001159,12628,"Brazil","BRA","BRA","20210216","success"
"301",0.02218,0.002001,0.018883,0.001223,12392,"Brazil","BRA","BRA","20210217","success"
"302",0.021514,0.001735,0.019513,0.001252,12197,"Brazil","BRA","BRA","20210218","success"
"303",0.020184,0.001652,0.019708,0.001295,11518,"Brazil","BRA","BRA","20210219","success"
"304",0.02045,0.001672,0.019726,0.001291,11609,"Brazil","BRA","BRA","20210220","success"
"305",0.026421,0.002117,0.022293,0.00132,12515,"Brazil","BRA","BRA","20210221","success"
"306",0.02185,0.001657,0.019788,0.001215,13139,"Brazil","BRA","BRA","20210222","success"
"307",0.023565,0.001721,0.02204,0.001287,13022,"Brazil","BRA","BRA","20210223","success"
"308",0.020632,0.001603,0.019531,0.001223,12800,"Brazil","BRA","BRA","20210224","success"
"309",0.024533,0.002019,0.020772,0.001258,12854,"Brazil","BRA","BRA","20210225","success"
"310",0.020771,0.001665,0.020204,0.001236,12968,"Brazil","BRA","BRA","20210226","success"
"311",0.023367,0.001667,0.021083,0.001227,13708,"Brazil","BRA","BRA","20210227","success"
"312",0.02118,0.001556,0.019169,0.001123,14920,"Brazil","BRA","BRA","20210228","success"
"313",0.021237,0.001507,0.020285,0.001155,14888,"Brazil","BRA","BRA","20210301","success"
"314",0.019292,0.00143,0.02012,0.001154,14811,"Brazil","BRA","BRA","20210302","success"
"315",0.023115,0.001524,0.021176,0.001112,16764,"Brazil","BRA","BRA","20210303","success"
"316",0.022268,0.001417,0.02226,0.001143,16667,"Brazil","BRA","BRA","20210304","success"
"317",0.023159,0.001587,0.021459,0.00116,15611,"Brazil","BRA","BRA","20210305","success"
"318",0.02338,0.001603,0.021154,0.001132,16167,"Brazil","BRA","BRA","20210306","success"
"319",0.02269,0.001492,0.020598,0.001085,17138,"Brazil","BRA","BRA","20210307","success"
"320",0.025625,0.001732,0.023522,0.001186,16325,"Brazil","BRA","BRA","20210308","success"
"321",0.025183,0.001521,0.024131,0.001182,16866,"Brazil","BRA","BRA","20210309","success"
"322",0.025372,0.001729,0.023434,0.001162,16941,"Brazil","BRA","BRA","20210310","success"
"323",0.024078,0.001597,0.021951,0.001159,15990,"Brazil","BRA","BRA","20210311","success"
"324",0.027964,0.00181,0.024662,0.001224,16057,"Brazil","BRA","BRA","20210312","success"
"325",0.028666,0.001757,0.026144,0.001257,16103,"Brazil","BRA","BRA","20210313","success"
"326",0.024533,0.001528,0.023269,0.00115,17190,"Brazil","BRA","BRA","20210314","success"
"327",0.022511,0.001464,0.020703,0.001051,18355,"Brazil","BRA","BRA","20210315","success"
"328",0.023449,0.00139,0.02207,0.001043,19846,"Brazil","BRA","BRA","20210316","success"
"329",0.023704,0.001391,0.021875,0.001066,18834,"Brazil","BRA","BRA","20210317","success"
"330",0.025485,0.001594,0.022038,0.001074,18695,"Brazil","BRA","BRA","20210318","success"
"331",0.021886,0.001398,0.020138,0.001041,18224,"Brazil","BRA","BRA","20210319","success"
"332",0.021134,0.00133,0.020652,0.001046,18497,"Brazil","BRA","BRA","20210320","success"
"333",0.021273,0.001386,0.019525,0.001011,18745,"Brazil","BRA","BRA","20210321","success"
"334",0.022849,0.001466,0.020573,0.001031,18957,"Brazil","BRA","BRA","20210322","success"
"335",0.02509,0.0016,0.022478,0.0011,18151,"Brazil","BRA","BRA","20210323","success"
"336",0.02656,0.00172,0.022939,0.0011,18527,"Brazil","BRA","BRA","20210324","success"
"337",0.024187,0.001505,0.021992,0.001097,17870,"Brazil","BRA","BRA","20210325","success"
"338",0.02152,0.001446,0.020539,0.001088,16992,"Brazil","BRA","BRA","20210326","success"
"339",0.022644,0.001481,0.020191,0.001073,17186,"Brazil","BRA","BRA","20210327","success"
"340",0.021821,0.001406,0.019931,0.00104,18062,"Brazil","BRA","BRA","20210328","success"
"341",0.020089,0.001463,0.01781,0.000984,18080,"Brazil","BRA","BRA","20210329","success"
"342",0.020021,0.001425,0.018455,0.001024,17285,"Brazil","BRA","BRA","20210330","success"
"343",0.020813,0.001439,0.018533,0.00105,16511,"Brazil","BRA","BRA","20210331","success"
"344",0.021166,0.001493,0.019735,0.00111,15708,"Brazil","BRA","BRA","20210401","success"
"345",0.023266,0.001756,0.019059,0.001105,15321,"Brazil","BRA","BRA","20210402","success"
"346",0.020692,0.001547,0.017945,0.001052,15938,"Brazil","BRA","BRA","20210403","success"
"347",0.022934,0.001639,0.019869,0.001096,16206,"Brazil","BRA","BRA","20210404","success"
"348",0.022872,0.001551,0.019413,0.001058,16999,"Brazil","BRA","BRA","20210405","success"
"349",0.020301,0.00138,0.018514,0.001024,17338,"Brazil","BRA","BRA","20210406","success"
"350",0.022801,0.001666,0.019021,0.001082,15930,"Brazil","BRA","BRA","20210407","success"
"351",0.021346,0.00161,0.01872,0.001106,15011,"Brazil","BRA","BRA","20210408","success"
"352",0.021355,0.001738,0.018725,0.001142,14099,"Brazil","BRA","BRA","20210409","success"
"353",0.020596,0.00152,0.018006,0.001109,14384,"Brazil","BRA","BRA","20210410","success"
"354",0.021094,0.00168,0.016925,0.001088,14062,"Brazil","BRA","BRA","20210411","success"
"355",0.017611,0.00144,0.016404,0.001027,15301,"Brazil","BRA","BRA","20210412","success"
"356",0.023292,0.001687,0.019581,0.001123,15219,"Brazil","BRA","BRA","20210413","success"
"357",0.020181,0.001509,0.01807,0.0011,14665,"Brazil","BRA","BRA","20210414","success"
"358",0.018436,0.001516,0.016226,0.001068,13990,"Brazil","BRA","BRA","20210415","success"
"359",0.020797,0.001773,0.017489,0.001156,12865,"Brazil","BRA","BRA","20210416","success"
"360",0.018811,0.001496,0.017715,0.00116,12927,"Brazil","BRA","BRA","20210417","success"
"361",0.022289,0.001816,0.017773,0.00111,14179,"Brazil","BRA","BRA","20210418","success"
"362",0.021295,0.001624,0.017888,0.001099,14535,"Brazil","BRA","BRA","20210419","success"
"363",0.019792,0.001788,0.016142,0.001075,13753,"Brazil","BRA","BRA","20210420","success"
"364",0.020659,0.001708,0.016855,0.0011,13705,"Brazil","BRA","BRA","20210421","success"
"365",0.018904,0.001609,0.015914,0.001072,13636,"Brazil","BRA","BRA","20210422","success"
"366",0.021155,0.001661,0.018491,0.001216,12276,"Brazil","BRA","BRA","20210423","success"
"367",0.020753,0.001683,0.017955,0.0012,12253,"Brazil","BRA","BRA","20210424","success"
"368",0.020673,0.001568,0.018427,0.001157,13513,"Brazil","BRA","BRA","20210425","success"
"369",0.017699,0.001576,0.015142,0.00106,13274,"Brazil","BRA","BRA","20210426","success"
"370",0.017932,0.001479,0.016407,0.0011,13348,"Brazil","BRA","BRA","20210427","success"
"371",0.022973,0.001847,0.019819,0.001241,12614,"Brazil","BRA","BRA","20210428","success"
"372",0.023252,0.002023,0.019097,0.001236,12253,"Brazil","BRA","BRA","20210429","success"
"373",0.02027,0.001731,0.017344,0.001231,11243,"Brazil","BRA","BRA","20210430","success"
"374",0.021649,0.001773,0.018816,0.001265,11533,"Brazil","BRA","BRA","20210501","success"
"375",0.019901,0.001612,0.017632,0.001186,12307,"Brazil","BRA","BRA","20210502","success"
"376",0.020971,0.001721,0.019551,0.001274,11815,"Brazil","BRA","BRA","20210503","success"
"377",0.021152,0.001601,0.019929,0.001255,12394,"Brazil","BRA","BRA","20210504","success"
"378",0.023746,0.001871,0.020359,0.001267,12427,"Brazil","BRA","BRA","20210505","success"
"379",0.025429,0.002109,0.020299,0.001289,11971,"Brazil","BRA","BRA","20210506","success"
"380",0.023306,0.001983,0.019205,0.001306,11039,"Brazil","BRA","BRA","20210507","success"
"381",0.017582,0.001605,0.016268,0.001216,10819,"Brazil","BRA","BRA","20210508","success"
"382",0.023958,0.002023,0.019499,0.001339,10667,"Brazil","BRA","BRA","20210509","success"
"383",0.020774,0.001754,0.017342,0.001181,12225,"Brazil","BRA","BRA","20210510","success"
"384",0.024534,0.001827,0.020483,0.001262,12596,"Brazil","BRA","BRA","20210511","success"
"385",0.024781,0.001893,0.021505,0.001319,12090,"Brazil","BRA","BRA","20210512","success"
"386",0.02739,0.002185,0.021891,0.00135,11740,"Brazil","BRA","BRA","20210513","success"
"387",0.025575,0.001946,0.022831,0.001411,11213,"Brazil","BRA","BRA","20210514","success"
"388",0.020718,0.001626,0.018856,0.001274,11402,"Brazil","BRA","BRA","20210515","success"
"389",0.025642,0.002075,0.020571,0.001293,12056,"Brazil","BRA","BRA","20210516","success"
"390",0.024467,0.002019,0.019947,0.001269,12132,"Brazil","BRA","BRA","20210517","success"
"391",0.024484,0.001877,0.020922,0.00132,11758,"Brazil","BRA","BRA","20210518","success"
"392",0.023804,0.001881,0.020835,0.001396,10463,"Brazil","BRA","BRA","20210519","success"
"393",0.0211,0.00569,0.021687,0.005056,830,"Brazil","BRA","BRA","20210520","success"
"394",0.029659,0.00752,0.022346,0.004941,895,"Brazil","BRA","BRA","20210521","success"
"395",0.042167,0.008403,0.036757,0.006187,925,"Brazil","BRA","BRA","20210522","success"
"396",0.031894,0.007604,0.027689,0.005355,939,"Brazil","BRA","BRA","20210523","success"
"397",0.034711,0.006937,0.032839,0.0058,944,"Brazil","BRA","BRA","20210524","success"
"398",0.019652,0.005993,0.013641,0.003757,953,"Brazil","BRA","BRA","20210525","success"
"399",0.029679,0.006968,0.024652,0.005076,933,"Brazil","BRA","BRA","20210526","success"
"400",0.030721,0.008161,0.028136,0.005662,853,"Brazil","BRA","BRA","20210527","success"
"401",0.03268,0.007237,0.031915,0.006043,846,"Brazil","BRA","BRA","20210528","success"
"402",0.027114,0.006124,0.028478,0.005505,913,"Brazil","BRA","BRA","20210529","success"
"403",0.030184,0.008636,0.022573,0.00499,886,"Brazil","BRA","BRA","20210530","success"
"404",0.031784,0.007476,0.026406,0.005433,871,"Brazil","BRA","BRA","20210531","success"
"405",0.02979,0.008635,0.021784,0.004702,964,"Brazil","BRA","BRA","20210601","success"
"406",0.018004,0.004717,0.021135,0.004797,899,"Brazil","BRA","BRA","20210602","success"
"407",0.034994,0.007431,0.030205,0.005621,927,"Brazil","BRA","BRA","20210603","success"
"408",0.027729,0.007681,0.025301,0.005451,830,"Brazil","BRA","BRA","20210604","success"
"409",0.011281,0.003626,0.01459,0.004017,891,"Brazil","BRA","BRA","20210605","success"
"410",0.031655,0.010883,0.014689,0.004044,885,"Brazil","BRA","BRA","20210606","success"
"411",0.042081,0.009947,0.031008,0.005768,903,"Brazil","BRA","BRA","20210607","success"
"412",0.029345,0.002795,0.02332,0.001429,11149,"Brazil","BRA","BRA","20210608","success"
"413",0.029031,0.002244,0.02572,0.001554,10381,"Brazil","BRA","BRA","20210609","success"
"414",0.025273,0.002047,0.023051,0.001477,10325,"Brazil","BRA","BRA","20210610","success"
"415",0.027223,0.002196,0.023989,0.001576,9421,"Brazil","BRA","BRA","20210611","success"
"416",0.030004,0.002926,0.023388,0.001626,8637,"Brazil","BRA","BRA","20210612","success"
"417",0.026,0.002099,0.022296,0.00146,10226,"Brazil","BRA","BRA","20210613","success"
"418",0.020949,0.001933,0.019114,0.001322,10725,"Brazil","BRA","BRA","20210614","success"
"419",0.027724,0.002143,0.02477,0.00152,10456,"Brazil","BRA","BRA","20210615","success"
"420",0.025311,0.002373,0.019576,0.001395,9859,"Brazil","BRA","BRA","20210616","success"
"421",0.027156,0.002484,0.02349,0.001688,8046,"Brazil","BRA","BRA","20210617","success"
"422",0.024049,0.002758,0.022012,0.002104,4861,"Brazil","BRA","BRA","20210618","success"
"423",0.024056,0.00319,0.020472,0.002112,4494,"Brazil","BRA","BRA","20210619","success"
"424",0.02957,0.003822,0.021744,0.002172,4507,"Brazil","BRA","BRA","20210620","success"
"425",0.024305,0.003479,0.018494,0.001999,4542,"Brazil","BRA","BRA","20210621","success"
"426",0.024527,0.003162,0.02069,0.00209,4640,"Brazil","BRA","BRA","20210622","success"
"427",0.026889,0.003581,0.020478,0.002211,4102,"Brazil","BRA","BRA","20210623","success"
"428",0.030836,0.00437,0.022697,0.00242,3789,"Brazil","BRA","BRA","20210624","success"
"429",0.028135,0.002988,0.02298,0.002091,5135,"Brazil","BRA","BRA","20210625","success"
"430",0.025806,0.00298,0.018266,0.001478,8212,"Brazil","BRA","BRA","20210626","success"
"431",0.024665,0.002273,0.021021,0.001486,9324,"Brazil","BRA","BRA","20210627","success"
"432",0.022699,0.002203,0.018162,0.001388,9250,"Brazil","BRA","BRA","20210628","success"
"433",0.020764,0.00247,0.016425,0.001288,9741,"Brazil","BRA","BRA","20210629","success"
"434",0.022813,0.001969,0.019656,0.001439,9310,"Brazil","BRA","BRA","20210630","success"
"435",0.023271,0.002127,0.02034,0.001484,9046,"Brazil","BRA","BRA","20210701","success"
"436",0.018928,0.002054,0.016407,0.00138,8472,"Brazil","BRA","BRA","20210702","success"
"437",0.020091,0.001974,0.01813,0.001448,8494,"Brazil","BRA","BRA","20210703","success"
"438",0.021017,0.002082,0.017282,0.00135,9316,"Brazil","BRA","BRA","20210704","success"
"439",0.018674,0.001867,0.017495,0.001326,9774,"Brazil","BRA","BRA","20210705","success"
"440",0.021331,0.002178,0.017204,0.001316,9765,"Brazil","BRA","BRA","20210706","success"
"441",0.023319,0.002145,0.020004,0.00146,9198,"Brazil","BRA","BRA","20210707","success"
"442",0.021189,0.00196,0.018878,0.001409,9323,"Brazil","BRA","BRA","20210708","success"
"443",0.021428,0.002182,0.018749,0.001437,8907,"Brazil","BRA","BRA","20210709","success"
"444",0.022333,0.001961,0.020733,0.001547,8489,"Brazil","BRA","BRA","20210710","success"
"445",0.021344,0.002045,0.017905,0.001373,9327,"Brazil","BRA","BRA","20210711","success"
"446",0.021092,0.001956,0.017551,0.0013,10199,"Brazil","BRA","BRA","20210712","success"
"447",0.023223,0.00218,0.019094,0.001334,10527,"Brazil","BRA","BRA","20210713","success"
"448",0.023958,0.002149,0.019791,0.001396,9954,"Brazil","BRA","BRA","20210714","success"
"449",0.023725,0.002179,0.019795,0.001418,9649,"Brazil","BRA","BRA","20210715","success"
"450",0.024115,0.00237,0.019246,0.001449,8989,"Brazil","BRA","BRA","20210716","success"
"451",0.01931,0.00201,0.01668,0.001374,8693,"Brazil","BRA","BRA","20210717","success"
"452",0.018686,0.001705,0.017676,0.001368,9278,"Brazil","BRA","BRA","20210718","success"
"453",0.02075,0.001913,0.017454,0.001315,9912,"Brazil","BRA","BRA","20210719","success"
"454",0.020974,0.002083,0.016481,0.001265,10133,"Brazil","BRA","BRA","20210720","success"
"455",0.021443,0.002137,0.017694,0.001337,9721,"Brazil","BRA","BRA","20210721","success"
"456",0.020047,0.002177,0.015895,0.001347,8619,"Brazil","BRA","BRA","20210722","success"
"457",0.017833,0.001773,0.016789,0.001397,8458,"Brazil","BRA","BRA","20210723","success"
"458",0.018065,0.001873,0.015884,0.001361,8436,"Brazil","BRA","BRA","20210724","success"
"459",0.019916,0.002705,0.016366,0.001339,8982,"Brazil","BRA","BRA","20210725","success"
"460",0.024858,0.002837,0.018687,0.001368,9793,"Brazil","BRA","BRA","20210726","success"
"461",0.019615,0.001841,0.017984,0.001371,9397,"Brazil","BRA","BRA","20210727","success"
"462",0.01805,0.001725,0.018219,0.00138,9386,"Brazil","BRA","BRA","20210728","success"
"463",0.01921,0.002945,0.015821,0.001322,8912,"Brazil","BRA","BRA","20210729","success"
"464",0.021951,0.002829,0.016074,0.001388,8212,"Brazil","BRA","BRA","20210730","success"
"465",0.022076,0.002274,0.017219,0.001408,8537,"Brazil","BRA","BRA","20210731","success"
"466",0.020328,0.002429,0.015209,0.001314,8679,"Brazil","BRA","BRA","20210801","success"
"467",0.016703,0.001597,0.016601,0.001318,9397,"Brazil","BRA","BRA","20210802","success"
"468",0.015924,0.00156,0.015329,0.001272,9329,"Brazil","BRA","BRA","20210803","success"
"469",0.017208,0.002032,0.014805,0.001269,9051,"Brazil","BRA","BRA","20210804","success"
"470",0.020651,0.001898,0.019715,0.001484,8775,"Brazil","BRA","BRA","20210805","success"
"471",0.018209,0.001881,0.016288,0.001396,8227,"Brazil","BRA","BRA","20210806","success"
"472",0.014944,0.001858,0.013265,0.001311,7614,"Brazil","BRA","BRA","20210807","success"
"473",0.015777,0.002073,0.013316,0.001303,7735,"Brazil","BRA","BRA","20210808","success"
"474",0.018307,0.001823,0.016287,0.001337,8964,"Brazil","BRA","BRA","20210809","success"
"475",0.017248,0.001744,0.015184,0.001274,9220,"Brazil","BRA","BRA","20210810","success"
"476",0.017525,0.001853,0.014992,0.001281,9005,"Brazil","BRA","BRA","20210811","success"
"477",0.017455,0.001946,0.015471,0.001312,8855,"Brazil","BRA","BRA","20210812","success"
"478",0.017253,0.001612,0.01827,0.001473,8265,"Brazil","BRA","BRA","20210813","success"
"479",0.020315,0.001968,0.018959,0.001513,8123,"Brazil","BRA","BRA","20210814","success"
"480",0.024738,0.003005,0.016267,0.001359,8668,"Brazil","BRA","BRA","20210815","success"
"481",0.018277,0.001647,0.01735,0.001339,9510,"Brazil","BRA","BRA","20210816","success"
"482",0.017818,0.001761,0.016288,0.00131,9332,"Brazil","BRA","BRA","20210817","success"
"483",0.016693,0.001628,0.016419,0.001339,9014,"Brazil","BRA","BRA","20210818","success"
"484",0.01535,0.001557,0.015222,0.001325,8540,"Brazil","BRA","BRA","20210819","success"
"485",0.017064,0.001777,0.015688,0.001376,8159,"Brazil","BRA","BRA","20210820","success"
"486",0.022433,0.002336,0.018416,0.001495,8091,"Brazil","BRA","BRA","20210821","success"
"487",0.017053,0.001901,0.014593,0.001296,8566,"Brazil","BRA","BRA","20210822","success"
"488",0.015896,0.001646,0.013837,0.001191,9612,"Brazil","BRA","BRA","20210823","success"
"489",0.016111,0.001922,0.014256,0.001241,9119,"Brazil","BRA","BRA","20210824","success"
"490",0.018465,0.001761,0.017361,0.001369,9101,"Brazil","BRA","BRA","20210825","success"
"491",0.016129,0.001692,0.014847,0.001292,8756,"Brazil","BRA","BRA","20210826","success"
"492",0.015893,0.00167,0.014833,0.001344,8090,"Brazil","BRA","BRA","20210827","success"
"493",0.019102,0.002547,0.015891,0.001421,7740,"Brazil","BRA","BRA","20210828","success"
"494",0.015572,0.001752,0.013559,0.001267,8334,"Brazil","BRA","BRA","20210829","success"
"495",0.016724,0.001892,0.014133,0.00125,8915,"Brazil","BRA","BRA","20210830","success"
"496",0.015626,0.001956,0.013171,0.00122,8731,"Brazil","BRA","BRA","20210831","success"
"497",0.014768,0.001922,0.012532,0.001227,8219,"Brazil","BRA","BRA","20210901","success"
"498",0.02015,0.002392,0.01378,0.001299,8055,"Brazil","BRA","BRA","20210902","success"
"499",0.014322,0.001968,0.012933,0.001354,6959,"Brazil","BRA","BRA","20210903","success"
"500",0.015145,0.001872,0.013261,0.001366,7013,"Brazil","BRA","BRA","20210904","success"
"501",0.017058,0.00198,0.014883,0.001377,7727,"Brazil","BRA","BRA","20210905","success"
"502",0.014103,0.001738,0.012598,0.001246,8017,"Brazil","BRA","BRA","20210906","success"
"503",0.018213,0.003362,0.013483,0.001289,8010,"Brazil","BRA","BRA","20210907","success"
"504",0.016797,0.001884,0.014146,0.001304,8200,"Brazil","BRA","BRA","20210908","success"
"505",0.016837,0.002298,0.012673,0.001266,7812,"Brazil","BRA","BRA","20210909","success"
"506",0.0135,0.00165,0.012567,0.001302,7321,"Brazil","BRA","BRA","20210910","success"
"507",0.014817,0.001963,0.013171,0.001349,7137,"Brazil","BRA","BRA","20210911","success"
"508",0.014826,0.001782,0.013711,0.001329,7658,"Brazil","BRA","BRA","20210912","success"
"509",0.015225,0.001804,0.013639,0.001292,8065,"Brazil","BRA","BRA","20210913","success"
"510",0.014842,0.001752,0.0141,0.001317,8014,"Brazil","BRA","BRA","20210914","success"
"511",0.014593,0.001752,0.012603,0.001265,7776,"Brazil","BRA","BRA","20210915","success"
"512",0.013377,0.001548,0.013256,0.001358,7091,"Brazil","BRA","BRA","20210916","success"
"513",0.015816,0.001957,0.014409,0.001431,6940,"Brazil","BRA","BRA","20210917","success"
"514",0.020429,0.002396,0.017356,0.001591,6741,"Brazil","BRA","BRA","20210918","success"
"515",0.011111,0.001561,0.00958,0.001156,7098,"Brazil","BRA","BRA","20210919","success"
"516",0.014794,0.001746,0.013016,0.001293,7683,"Brazil","BRA","BRA","20210920","success"
"517",0.016219,0.002192,0.013279,0.001258,8284,"Brazil","BRA","BRA","20210921","success"
"518",0.016287,0.00191,0.013804,0.001331,7679,"Brazil","BRA","BRA","20210922","success"
"519",0.020109,0.002658,0.014396,0.001401,7224,"Brazil","BRA","BRA","20210923","success"
"520",0.020008,0.003546,0.013689,0.001402,6867,"Brazil","BRA","BRA","20210924","success"
"521",0.015,0.002233,0.01249,0.001388,6405,"Brazil","BRA","BRA","20210925","success"
"522",0.013051,0.001828,0.011572,0.001286,6913,"Brazil","BRA","BRA","20210926","success"
"523",0.015086,0.001775,0.013459,0.00133,7504,"Brazil","BRA","BRA","20210927","success"
"524",0.014646,0.001726,0.012271,0.001196,8475,"Brazil","BRA","BRA","20210928","success"
"525",0.021203,0.003053,0.015734,0.001431,7563,"Brazil","BRA","BRA","20210929","success"
"526",0.014317,0.001849,0.013852,0.001411,6858,"Brazil","BRA","BRA","20210930","success"
"527",0.014708,0.001871,0.013443,0.001448,6323,"Brazil","BRA","BRA","20211001","success"
"528",0.017217,0.002204,0.015675,0.001571,6252,"Brazil","BRA","BRA","20211002","success"
"529",0.01474,0.00205,0.012782,0.001346,6963,"Brazil","BRA","BRA","20211003","success"
"530",0.014154,0.001904,0.013774,0.001635,5082,"Brazil","BRA","BRA","20211004","success"
"531",0.014544,0.001774,0.01212,0.001229,7921,"Brazil","BRA","BRA","20211005","success"
"532",0.013854,0.001719,0.012928,0.001325,7271,"Brazil","BRA","BRA","20211006","success"
"533",0.014471,0.001923,0.013762,0.001402,6903,"Brazil","BRA","BRA","20211007","success"
"534",0.018609,0.002417,0.016456,0.00164,6016,"Brazil","BRA","BRA","20211008","success"
"535",0.012797,0.00212,0.010659,0.001305,6192,"Brazil","BRA","BRA","20211009","success"
"536",0.017239,0.00235,0.013761,0.00141,6831,"Brazil","BRA","BRA","20211010","success"
"537",0.013564,0.00186,0.012191,0.001338,6726,"Brazil","BRA","BRA","20211011","success"
"538",0.017627,0.002781,0.012477,0.001369,6572,"Brazil","BRA","BRA","20211012","success"
"539",0.013743,0.001837,0.012236,0.001304,7110,"Brazil","BRA","BRA","20211013","success"
"540",0.018238,0.002489,0.013812,0.00143,6661,"Brazil","BRA","BRA","20211014","success"
"541",0.015071,0.002056,0.012815,0.001398,6477,"Brazil","BRA","BRA","20211015","success"
"542",0.01561,0.001906,0.014701,0.001489,6530,"Brazil","BRA","BRA","20211016","success"
"543",0.013251,0.001974,0.013164,0.001371,6913,"Brazil","BRA","BRA","20211017","success"
"544",0.01516,0.001882,0.012794,0.001325,7191,"Brazil","BRA","BRA","20211018","success"
"545",0.012169,0.001787,0.01096,0.001226,7208,"Brazil","BRA","BRA","20211019","success"
"546",0.013813,0.001931,0.011802,0.001304,6863,"Brazil","BRA","BRA","20211020","success"
"547",0.017956,0.001994,0.016923,0.001593,6559,"Brazil","BRA","BRA","20211021","success"
"548",0.014878,0.001972,0.013488,0.001517,5783,"Brazil","BRA","BRA","20211022","success"
"549",0.017063,0.002626,0.013162,0.001481,5926,"Brazil","BRA","BRA","20211023","success"
"550",0.012918,0.001534,0.013635,0.00142,6674,"Brazil","BRA","BRA","20211024","success"
"551",0.017501,0.002676,0.012958,0.001342,7100,"Brazil","BRA","BRA","20211025","success"
"552",0.013366,0.001674,0.01207,0.001294,7125,"Brazil","BRA","BRA","20211026","success"
"553",0.025549,0.004448,0.016766,0.00155,6859,"Brazil","BRA","BRA","20211027","success"
"554",0.016081,0.002013,0.013673,0.001448,6436,"Brazil","BRA","BRA","20211028","success"
"555",0.014063,0.002145,0.012295,0.00144,5856,"Brazil","BRA","BRA","20211029","success"
"556",0.016325,0.002481,0.013245,0.001529,5587,"Brazil","BRA","BRA","20211030","success"
"557",0.016616,0.002498,0.012522,0.0014,6309,"Brazil","BRA","BRA","20211031","success"
"558",0.019361,0.002469,0.014767,0.001496,6501,"Brazil","BRA","BRA","20211101","success"
"559",0.017395,0.002219,0.012824,0.001343,7018,"Brazil","BRA","BRA","20211102","success"
"560",0.013798,0.001825,0.011644,0.001278,7042,"Brazil","BRA","BRA","20211103","success"
"561",0.014876,0.001973,0.013699,0.001442,6497,"Brazil","BRA","BRA","20211104","success"
"562",0.020029,0.002649,0.016238,0.001661,5789,"Brazil","BRA","BRA","20211105","success"
"563",0.01939,0.002521,0.014695,0.001652,5308,"Brazil","BRA","BRA","20211106","success"
"564",0.015356,0.002093,0.012304,0.001403,6177,"Brazil","BRA","BRA","20211107","success"
"565",0.015226,0.001999,0.013735,0.001446,6480,"Brazil","BRA","BRA","20211108","success"
"566",0.018891,0.002612,0.01548,0.001521,6589,"Brazil","BRA","BRA","20211109","success"
"567",0.01706,0.002008,0.015297,0.001541,6341,"Brazil","BRA","BRA","20211110","success"
"568",0.015945,0.001919,0.015377,0.001582,6048,"Brazil","BRA","BRA","20211111","success"
"569",0.020812,0.003089,0.014547,0.001605,5568,"Brazil","BRA","BRA","20211112","success"
"570",0.017682,0.002667,0.01359,0.001649,4930,"Brazil","BRA","BRA","20211113","success"
"571",0.017279,0.002488,0.012866,0.001496,5674,"Brazil","BRA","BRA","20211114","success"
"572",0.018534,0.002573,0.01352,0.001448,6361,"Brazil","BRA","BRA","20211115","success"
"573",0.019082,0.002513,0.014965,0.001524,6348,"Brazil","BRA","BRA","20211116","success"
"574",0.016946,0.002085,0.015414,0.001561,6228,"Brazil","BRA","BRA","20211117","success"
"575",0.014401,0.001794,0.013685,0.001492,6065,"Brazil","BRA","BRA","20211118","success"
"576",0.018604,0.002209,0.016174,0.001673,5688,"Brazil","BRA","BRA","20211119","success"
"577",0.014716,0.002387,0.010723,0.0014,5409,"Brazil","BRA","BRA","20211120","success"
"578",0.019761,0.002547,0.016434,0.00169,5659,"Brazil","BRA","BRA","20211121","success"
"579",0.017821,0.002309,0.015787,0.001624,5891,"Brazil","BRA","BRA","20211122","success"
"580",0.013318,0.001745,0.012886,0.001469,5898,"Brazil","BRA","BRA","20211123","success"
"581",0.018158,0.002239,0.015309,0.001629,5683,"Brazil","BRA","BRA","20211124","success"
"582",0.017735,0.002303,0.015328,0.00167,5415,"Brazil","BRA","BRA","20211125","success"
"583",0.020749,0.002331,0.019261,0.001927,5088,"Brazil","BRA","BRA","20211126","success"
"584",0.01995,0.002412,0.016854,0.001792,5162,"Brazil","BRA","BRA","20211127","success"
"585",0.021217,0.002842,0.015993,0.001645,5815,"Brazil","BRA","BRA","20211128","success"
"586",0.015886,0.001977,0.014873,0.001531,6253,"Brazil","BRA","BRA","20211129","success"
"587",0.018009,0.002295,0.014921,0.001544,6166,"Brazil","BRA","BRA","20211130","success"
"588",0.025155,0.004735,0.018041,0.001728,5931,"Brazil","BRA","BRA","20211201","success"
"589",0.022365,0.002707,0.019131,0.001832,5593,"Brazil","BRA","BRA","20211202","success"
"590",0.019241,0.002348,0.017991,0.00189,4947,"Brazil","BRA","BRA","20211203","success"
"591",0.025708,0.006615,0.016709,0.001864,4728,"Brazil","BRA","BRA","20211204","success"
"592",0.022298,0.002452,0.01971,0.001932,5175,"Brazil","BRA","BRA","20211205","success"
"593",0.023521,0.002956,0.019583,0.001849,5617,"Brazil","BRA","BRA","20211206","success"
"594",0.022272,0.002348,0.020917,0.00193,5498,"Brazil","BRA","BRA","20211207","success"
"595",0.031527,0.003832,0.024948,0.002152,5251,"Brazil","BRA","BRA","20211208","success"
"596",0.02864,0.002637,0.028543,0.002369,4940,"Brazil","BRA","BRA","20211209","success"
"597",0.02998,0.002991,0.028023,0.002423,4639,"Brazil","BRA","BRA","20211210","success"
"598",0.030654,0.003112,0.028679,0.002479,4533,"Brazil","BRA","BRA","20211211","success"
"599",0.030616,0.005372,0.022701,0.002066,5198,"Brazil","BRA","BRA","20211212","success"
"600",0.025756,0.002614,0.023484,0.002005,5706,"Brazil","BRA","BRA","20211213","success"
"601",0.034059,0.003516,0.029677,0.002236,5762,"Brazil","BRA","BRA","20211214","success"
"602",0.038716,0.004126,0.032507,0.002403,5445,"Brazil","BRA","BRA","20211215","success"
"603",0.03606,0.003757,0.034358,0.003044,3580,"Brazil","BRA","BRA","20211216","success"
"604",0.029221,0.010701,0.035874,0.012454,223,"Brazil","BRA","BRA","20211217","success"
"605",0.03783,0.003374,0.034799,0.002646,4799,"Brazil","BRA","BRA","20211218","success"
"606",0.031765,0.0027,0.030257,0.002107,6610,"Brazil","BRA","BRA","20211219","success"
"607",0.044639,0.003651,0.037333,0.002189,7500,"Brazil","BRA","BRA","20211220","success"
"608",0.042065,0.002873,0.039351,0.002309,7090,"Brazil","BRA","BRA","20211221","success"
"609",0.044052,0.003312,0.03948,0.002482,6155,"Brazil","BRA","BRA","20211222","success"
"610",0.050113,0.004054,0.04268,0.002713,5553,"Brazil","BRA","BRA","20211223","success"
"611",0.054182,0.004268,0.047739,0.003222,4378,"Brazil","BRA","BRA","20211224","success"
"612",0.051587,0.003964,0.044713,0.003009,4719,"Brazil","BRA","BRA","20211225","success"
"613",0.057183,0.003823,0.050129,0.00277,6204,"Brazil","BRA","BRA","20211226","success"
"614",0.058883,0.003752,0.050095,0.002644,6807,"Brazil","BRA","BRA","20211227","success"
"615",0.05858,0.003476,0.05481,0.002748,6860,"Brazil","BRA","BRA","20211228","success"
"616",0.057481,0.003604,0.050543,0.002671,6727,"Brazil","BRA","BRA","20211229","success"
"617",0.05803,0.00429,0.046984,0.002666,6300,"Brazil","BRA","BRA","20211230","success"
"618",0.075558,0.005357,0.056754,0.003226,5145,"Brazil","BRA","BRA","20211231","success"
"619",0.055584,0.004231,0.046303,0.002843,5464,"Brazil","BRA","BRA","20220101","success"
"620",0.061673,0.004004,0.04995,0.002602,7007,"Brazil","BRA","BRA","20220102","success"
"621",0.069563,0.003967,0.060121,0.002669,7934,"Brazil","BRA","BRA","20220103","success"
"622",0.082419,0.004153,0.06944,0.002732,8655,"Brazil","BRA","BRA","20220104","success"
"623",0.081735,0.003805,0.076381,0.002832,8798,"Brazil","BRA","BRA","20220105","success"
"624",0.078366,0.003736,0.073624,0.002797,8720,"Brazil","BRA","BRA","20220106","success"
"625",0.077616,0.003782,0.070299,0.002788,8407,"Brazil","BRA","BRA","20220107","success"
"626",0.077352,0.003823,0.071235,0.002853,8128,"Brazil","BRA","BRA","20220108","success"
"627",0.075257,0.003732,0.067444,0.00275,8318,"Brazil","BRA","BRA","20220109","success"
"628",0.073187,0.003649,0.070055,0.002781,8422,"Brazil","BRA","BRA","20220110","success"
"629",0.07513,0.003632,0.073835,0.002785,8817,"Brazil","BRA","BRA","20220111","success"
"630",0.080411,0.004387,0.076531,0.003253,6677,"Brazil","BRA","BRA","20220112","success"
"631",0.071059,0.004622,0.071712,0.003731,4783,"Brazil","BRA","BRA","20220113","success"
"632",0.086827,0.004065,0.08652,0.003112,8160,"Brazil","BRA","BRA","20220114","success"
"633",0.080047,0.003394,0.081203,0.002708,10172,"Brazil","BRA","BRA","20220115","success"
"634",0.083892,0.003493,0.083061,0.002744,10113,"Brazil","BRA","BRA","20220116","success"
"635",0.082257,0.003563,0.078349,0.002727,9713,"Brazil","BRA","BRA","20220117","success"
"636",0.083832,0.0037,0.081264,0.002833,9303,"Brazil","BRA","BRA","20220118","success"
"637",0.087754,0.003864,0.08209,0.002876,9112,"Brazil","BRA","BRA","20220119","success"
"638",0.087909,0.003956,0.085068,0.002967,8840,"Brazil","BRA","BRA","20220120","success"
"639",0.090834,0.003972,0.085944,0.003047,8459,"Brazil","BRA","BRA","20220121","success"
"640",0.096773,0.004594,0.085938,0.003225,7552,"Brazil","BRA","BRA","20220122","success"
"641",0.081213,0.003922,0.074101,0.002887,8232,"Brazil","BRA","BRA","20220123","success"
"642",0.082792,0.003869,0.076712,0.002846,8747,"Brazil","BRA","BRA","20220124","success"
"643",0.0781,0.003717,0.07217,0.002733,8965,"Brazil","BRA","BRA","20220125","success"
"644",0.077295,0.003792,0.070692,0.002744,8728,"Brazil","BRA","BRA","20220126","success"
"645",0.069435,0.003508,0.068613,0.002771,8322,"Brazil","BRA","BRA","20220127","success"
"646",0.078483,0.004103,0.069401,0.002886,7752,"Brazil","BRA","BRA","20220128","success"
"647",0.07456,0.004301,0.066205,0.00287,7507,"Brazil","BRA","BRA","20220129","success"
"648",0.069072,0.004358,0.059805,0.002719,7608,"Brazil","BRA","BRA","20220130","success"
"649",0.061566,0.003716,0.056471,0.002639,7650,"Brazil","BRA","BRA","20220131","success"
"650",0.064074,0.003853,0.056442,0.002608,7831,"Brazil","BRA","BRA","20220201","success"
"651",0.058377,0.003663,0.055563,0.00271,7145,"Brazil","BRA","BRA","20220202","success"
"652",0.05744,0.003326,0.056529,0.002745,7076,"Brazil","BRA","BRA","20220203","success"
"653",0.052023,0.003975,0.04874,0.002637,6668,"Brazil","BRA","BRA","20220204","success"
"654",0.056584,0.004295,0.049898,0.00263,6854,"Brazil","BRA","BRA","20220205","success"
"655",0.046707,0.003321,0.042661,0.002394,7126,"Brazil","BRA","BRA","20220206","success"
"656",0.044932,0.003044,0.043638,0.002432,7058,"Brazil","BRA","BRA","20220207","success"
"657",0.043272,0.003098,0.044552,0.002494,6846,"Brazil","BRA","BRA","20220208","success"
"658",0.046957,0.003632,0.041692,0.002475,6524,"Brazil","BRA","BRA","20220209","success"
"659",0.03983,0.003366,0.035019,0.002341,6168,"Brazil","BRA","BRA","20220210","success"
"660",0.040788,0.003097,0.039374,0.002523,5943,"Brazil","BRA","BRA","20220211","success"
"661",0.036561,0.003065,0.035047,0.002453,5621,"Brazil","BRA","BRA","20220212","success"
"662",0.033689,0.002926,0.030931,0.002203,6175,"Brazil","BRA","BRA","20220213","success"
"663",0.033901,0.002824,0.03123,0.002179,6372,"Brazil","BRA","BRA","20220214","success"
"664",0.025991,0.0024,0.024944,0.001972,6254,"Brazil","BRA","BRA","20220215","success"
"665",0.022069,0.002241,0.023244,0.001928,6109,"Brazil","BRA","BRA","20220216","success"
"666",0.028833,0.002941,0.027428,0.002132,5870,"Brazil","BRA","BRA","20220217","success"
"667",0.033726,0.003599,0.029456,0.002309,5364,"Brazil","BRA","BRA","20220218","success"
"668",0.023318,0.002419,0.022422,0.001983,5575,"Brazil","BRA","BRA","20220219","success"
"669",0.029737,0.002954,0.025816,0.002047,6004,"Brazil","BRA","BRA","20220220","success"
"670",0.026071,0.002902,0.021206,0.001854,6036,"Brazil","BRA","BRA","20220221","success"
"671",0.025577,0.002578,0.023394,0.00194,6070,"Brazil","BRA","BRA","20220222","success"
"672",0.020444,0.002199,0.020608,0.001877,5726,"Brazil","BRA","BRA","20220223","success"
"673",0.025209,0.002762,0.02202,0.002022,5268,"Brazil","BRA","BRA","20220224","success"
"674",0.027605,0.003089,0.024111,0.002212,4811,"Brazil","BRA","BRA","20220225","success"
"675",0.021872,0.00278,0.02012,0.002054,4672,"Brazil","BRA","BRA","20220226","success"
"676",0.017752,0.002249,0.016593,0.001806,5002,"Brazil","BRA","BRA","20220227","success"
"677",0.021306,0.002882,0.017783,0.001818,5286,"Brazil","BRA","BRA","20220228","success"
"678",0.018602,0.002333,0.015535,0.001634,5729,"Brazil","BRA","BRA","20220301","success"
"679",0.016987,0.002383,0.014063,0.001533,5902,"Brazil","BRA","BRA","20220302","success"
"680",0.018342,0.00253,0.014618,0.001612,5541,"Brazil","BRA","BRA","20220303","success"
"681",0.025305,0.004205,0.021813,0.002066,4997,"Brazil","BRA","BRA","20220304","success"
"682",0.018669,0.002569,0.015197,0.00173,5001,"Brazil","BRA","BRA","20220305","success"
"683",0.019245,0.002805,0.01518,0.001664,5402,"Brazil","BRA","BRA","20220306","success"
"684",0.017812,0.002964,0.014634,0.001645,5330,"Brazil","BRA","BRA","20220307","success"
"685",0.023106,0.003504,0.017221,0.00183,5052,"Brazil","BRA","BRA","20220308","success"
"686",0.014718,0.002825,0.0143,0.001864,4056,"Brazil","BRA","BRA","20220309","success"
"687",0.018432,0.002386,0.015175,0.001596,5865,"Brazil","BRA","BRA","20220310","success"
"688",0.018322,0.002605,0.013845,0.001643,5056,"Brazil","BRA","BRA","20220311","success"
"689",0.015582,0.002281,0.014125,0.001688,4885,"Brazil","BRA","BRA","20220312","success"
"690",0.018558,0.002356,0.016074,0.00169,5537,"Brazil","BRA","BRA","20220313","success"
"691",0.018477,0.002441,0.015747,0.001638,5779,"Brazil","BRA","BRA","20220314","success"
"692",0.020188,0.002577,0.01679,0.001708,5658,"Brazil","BRA","BRA","20220315","success"
"693",0.019527,0.00255,0.016289,0.001732,5341,"Brazil","BRA","BRA","20220316","success"
"694",0.015789,0.00238,0.013604,0.00173,4484,"Brazil","BRA","BRA","20220317","success"
"695",0.020842,0.004,0.016835,0.002639,2376,"Brazil","BRA","BRA","20220318","success"
"696",0.016903,0.002798,0.016453,0.002308,3039,"Brazil","BRA","BRA","20220319","success"
"697",0.012332,0.002109,0.011259,0.001583,4441,"Brazil","BRA","BRA","20220320","success"
"698",0.012683,0.002221,0.011046,0.001637,4074,"Brazil","BRA","BRA","20220321","success"
"699",0.0158,0.003048,0.014728,0.002311,2716,"Brazil","BRA","BRA","20220322","success"
"700",0.016881,0.00234,0.014536,0.001538,6054,"Brazil","BRA","BRA","20220323","success"
"701",0.014584,0.001847,0.014371,0.00153,6054,"Brazil","BRA","BRA","20220324","success"
"702",0.015196,0.001983,0.013133,0.001506,5711,"Brazil","BRA","BRA","20220325","success"
"703",0.017377,0.002185,0.016182,0.001655,5809,"Brazil","BRA","BRA","20220326","success"
"704",0.01346,0.001908,0.012359,0.001365,6554,"Brazil","BRA","BRA","20220327","success"
"705",0.017116,0.002289,0.013701,0.001476,6204,"Brazil","BRA","BRA","20220328","success"
"706",0.011567,0.002006,0.010599,0.00135,5755,"Brazil","BRA","BRA","20220329","success"
"707",0.021721,0.002911,0.01675,0.001751,5373,"Brazil","BRA","BRA","20220330","success"
"708",0.033692,0.016166,0.016222,0.00181,4870,"Brazil","BRA","BRA","20220331","success"
"709",0.021699,0.003188,0.016227,0.001897,4437,"Brazil","BRA","BRA","20220401","success"
"710",0.016051,0.002302,0.013195,0.001678,4623,"Brazil","BRA","BRA","20220402","success"
"711",0.017726,0.002676,0.014433,0.001666,5127,"Brazil","BRA","BRA","20220403","success"
"712",0.017835,0.002373,0.014606,0.001674,5135,"Brazil","BRA","BRA","20220404","success"
"713",0.014249,0.002184,0.013125,0.001581,5181,"Brazil","BRA","BRA","20220405","success"
"714",0.01468,0.002511,0.012559,0.001598,4857,"Brazil","BRA","BRA","20220406","success"
"715",0.014702,0.002045,0.015098,0.001817,4504,"Brazil","BRA","BRA","20220407","success"
"716",0.013842,0.002349,0.012794,0.001798,3908,"Brazil","BRA","BRA","20220408","success"
"717",0.018204,0.003209,0.013539,0.001781,4210,"Brazil","BRA","BRA","20220409","success"
"718",0.021401,0.003223,0.015051,0.001785,4651,"Brazil","BRA","BRA","20220410","success"
"719",0.030645,0.009696,0.018816,0.001976,4730,"Brazil","BRA","BRA","20220411","success"
"720",0.026414,0.003589,0.018378,0.001975,4625,"Brazil","BRA","BRA","20220412","success"
"721",0.022095,0.003218,0.017524,0.001992,4337,"Brazil","BRA","BRA","20220413","success"
"722",0.022777,0.003548,0.016558,0.002021,3986,"Brazil","BRA","BRA","20220414","success"
"723",0.018415,0.002705,0.016553,0.001835,4833,"Brazil","BRA","BRA","20220415","success"
"724",0.01602,0.002535,0.013094,0.001652,4735,"Brazil","BRA","BRA","20220416","success"
"725",0.023389,0.00336,0.02,0.00201,4850,"Brazil","BRA","BRA","20220417","success"
"726",0.021536,0.002594,0.018491,0.001841,5354,"Brazil","BRA","BRA","20220418","success"
"727",0.021738,0.002553,0.019044,0.00185,5461,"Brazil","BRA","BRA","20220419","success"
"728",0.024569,0.003618,0.019884,0.001978,4979,"Brazil","BRA","BRA","20220420","success"
"729",0.019337,0.002359,0.019188,0.00196,4899,"Brazil","BRA","BRA","20220421","success"
"730",0.019188,0.002395,0.019092,0.001993,4714,"Brazil","BRA","BRA","20220422","success"
"731",0.023273,0.002844,0.021132,0.002204,4259,"Brazil","BRA","BRA","20220423","success"
"732",0.015729,0.002491,0.014654,0.001726,4845,"Brazil","BRA","BRA","20220424","success"
"733",0.019023,0.002399,0.017103,0.001839,4970,"Brazil","BRA","BRA","20220425","success"
"734",0.023523,0.002648,0.021331,0.002031,5063,"Brazil","BRA","BRA","20220426","success"
"735",0.028638,0.003398,0.02376,0.002199,4798,"Brazil","BRA","BRA","20220427","success"
"736",0.021835,0.002749,0.021681,0.002177,4474,"Brazil","BRA","BRA","20220428","success"
"737",0.025015,0.003162,0.022331,0.002367,3896,"Brazil","BRA","BRA","20220429","success"
"738",0.027652,0.003545,0.023492,0.002475,3746,"Brazil","BRA","BRA","20220430","success"
"739",0.019827,0.002905,0.017925,0.002108,3961,"Brazil","BRA","BRA","20220501","success"
"740",0.024837,0.003334,0.022637,0.002272,4285,"Brazil","BRA","BRA","20220502","success"
"741",0.021339,0.003225,0.019003,0.002041,4473,"Brazil","BRA","BRA","20220503","success"
"742",0.025491,0.00321,0.023149,0.002335,4147,"Brazil","BRA","BRA","20220504","success"
"743",0.023444,0.002928,0.023369,0.002357,4108,"Brazil","BRA","BRA","20220505","success"
"744",0.024493,0.003238,0.02224,0.002399,3777,"Brazil","BRA","BRA","20220506","success"
"745",0.025899,0.00456,0.020268,0.002332,3651,"Brazil","BRA","BRA","20220507","success"
"746",0.027904,0.004985,0.024203,0.002593,3512,"Brazil","BRA","BRA","20220508","success"
"747",0.022507,0.002804,0.02332,0.002282,4374,"Brazil","BRA","BRA","20220509","success"
"748",0.025541,0.003083,0.022999,0.002251,4435,"Brazil","BRA","BRA","20220510","success"
"749",0.026119,0.003232,0.026587,0.002356,4664,"Brazil","BRA","BRA","20220511","success"
"750",0.032961,0.00349,0.029757,0.002504,4604,"Brazil","BRA","BRA","20220512","success"
"751",0.029771,0.003236,0.030005,0.002612,4266,"Brazil","BRA","BRA","20220513","success"
"752",0.031216,0.003401,0.029945,0.002704,3974,"Brazil","BRA","BRA","20220514","success"
"753",0.022425,0.002906,0.023477,0.002253,4515,"Brazil","BRA","BRA","20220515","success"
"754",0.02576,0.002697,0.027489,0.002359,4802,"Brazil","BRA","BRA","20220516","success"
"755",0.024051,0.002628,0.024524,0.002249,4730,"Brazil","BRA","BRA","20220517","success"
"756",0.035188,0.003476,0.032078,0.002585,4645,"Brazil","BRA","BRA","20220518","success"
"757",0.027291,0.003171,0.028571,0.002451,4620,"Brazil","BRA","BRA","20220519","success"
"758",0.028566,0.00329,0.028093,0.002594,4058,"Brazil","BRA","BRA","20220520","success"
"759",0.029683,0.003359,0.026024,0.002471,4150,"Brazil","BRA","BRA","20220521","success"
"760",0.025472,0.002711,0.025924,0.002336,4629,"Brazil","BRA","BRA","20220522","success"
"761",0.030309,0.00306,0.02873,0.002393,4873,"Brazil","BRA","BRA","20220523","success"
"762",0.034054,0.0038,0.031674,0.002512,4862,"Brazil","BRA","BRA","20220524","success"
"763",0.038316,0.003279,0.040312,0.002858,4738,"Brazil","BRA","BRA","20220525","success"
"764",0.033664,0.003074,0.03641,0.002725,4724,"Brazil","BRA","BRA","20220526","success"
"765",0.035554,0.003817,0.035218,0.002853,4174,"Brazil","BRA","BRA","20220527","success"
"766",0.037981,0.003622,0.040964,0.003077,4150,"Brazil","BRA","BRA","20220528","success"
"767",0.038267,0.004431,0.033461,0.002625,4692,"Brazil","BRA","BRA","20220529","success"
"768",0.034501,0.003198,0.037897,0.002726,4908,"Brazil","BRA","BRA","20220530","success"
"769",0.03859,0.003832,0.038219,0.002734,4919,"Brazil","BRA","BRA","20220531","success"
"770",0.03463,0.003364,0.040321,0.002786,4985,"Brazil","BRA","BRA","20220601","success"
"771",0.045672,0.004639,0.045501,0.002984,4879,"Brazil","BRA","BRA","20220602","success"
"772",0.047215,0.00399,0.047049,0.003097,4676,"Brazil","BRA","BRA","20220603","success"
"773",0.041902,0.004445,0.038525,0.002959,4231,"Brazil","BRA","BRA","20220604","success"
"774",0.040531,0.003707,0.041074,0.00283,4918,"Brazil","BRA","BRA","20220605","success"
"775",0.042769,0.003952,0.042347,0.002807,5148,"Brazil","BRA","BRA","20220606","success"
"776",0.038182,0.003413,0.041285,0.002776,5135,"Brazil","BRA","BRA","20220607","success"
"777",0.046844,0.003473,0.050531,0.003071,5086,"Brazil","BRA","BRA","20220608","success"
"778",0.045089,0.003741,0.045782,0.002955,5002,"Brazil","BRA","BRA","20220609","success"
"779",0.043827,0.004086,0.046522,0.003091,4643,"Brazil","BRA","BRA","20220610","success"
"780",0.048706,0.004402,0.045927,0.003081,4616,"Brazil","BRA","BRA","20220611","success"
"781",0.036701,0.004209,0.033844,0.002638,4698,"Brazil","BRA","BRA","20220612","success"
"782",0.044975,0.0034,0.045951,0.002897,5223,"Brazil","BRA","BRA","20220613","success"
"783",0.048568,0.003777,0.047355,0.002839,5596,"Brazil","BRA","BRA","20220614","success"
"784",0.052927,0.003977,0.052181,0.003103,5136,"Brazil","BRA","BRA","20220615","success"
"785",0.043269,0.003628,0.044231,0.002851,5200,"Brazil","BRA","BRA","20220616","success"
"786",0.049387,0.003834,0.05212,0.003197,4835,"Brazil","BRA","BRA","20220617","success"
"787",0.051299,0.004058,0.050516,0.003177,4751,"Brazil","BRA","BRA","20220618","success"
"788",0.055246,0.004539,0.048785,0.003003,5145,"Brazil","BRA","BRA","20220619","success"
"789",0.052171,0.004028,0.050156,0.002958,5443,"Brazil","BRA","BRA","20220620","success"
"790",0.054831,0.004296,0.051784,0.003069,5214,"Brazil","BRA","BRA","20220621","success"
"791",0.047287,0.003619,0.050474,0.003111,4953,"Brazil","BRA","BRA","20220622","success"
"792",0.055986,0.004014,0.055972,0.003316,4806,"Brazil","BRA","BRA","20220623","success"
"793",0.056507,0.004377,0.0553,0.003386,4557,"Brazil","BRA","BRA","20220624","success"
"794",0.058743,0.004601,0.056418,0.003487,4378,"Brazil","BRA","BRA","20220625","success"
